1,1,'@paulg People have no idea how fast Twitter will evolve'
2,1,'@WholeMarsBlog Yep'
3,1,"'@realGeorgeHotz @boing Sure, letâ€™s talk.'"
4,1,"'@jimmyfallon Wait a second, how do we know youâ€™re not an alien body snatcher pretending to be Jimmy!? \n\nSay something that only the real Jimmy would say â€¦'"
5,1,'@rising_serpent Why is that?'
6,1,'@jimmyfallon Sounds like a job for @CommunityNotes!'
7,1,"'@bowx_ To heir is human, to forgive, divine (something like that)'"
8,0,'@jimmyfallon Fix what?'
9,1,'@Mrwhosetheboss Maybe'
10,1,'@NASA @NASAArtemis @NASA_SLS @NASA_Orion Congratulations!!'
11,1,'@JuliusSinghania @wongmjane X will be the everything app'
12,1,'@yukaichou Iâ€™m the taint haha'
13,1,"'@nichegamer @teslaownersSV @chicago_glenn @stillgray @dcherring Yeah, next-level ğŸ¤£ğŸ¤£'"
14,0,'@teslaownersSV @chicago_glenn @stillgray @dcherring @nichegamer Fasting + Ozempic/Wegovy + no tasty food near me'
15,1,'@chicago_glenn @stillgray @dcherring @nichegamer Down 30 lbs!'
16,1,'@jhall @stillgray @dcherring @nichegamer @Forbes Yup'
17,0,'@wongmjane ğŸ˜‰'
18,0,"'@stevenmarkryan My apologies, this will be fixed within a week, two at most'"
19,1,'@stillgray @dcherring @nichegamer Agreed. What will matter in the future is how many Verified followers you have.'
20,1,'@teslaownersSV Weâ€™ll widen V11 beta before Thanksgiving'
21,0,'@dcherring @nichegamer Hard to say whoâ€™s celeb &amp; who isnâ€™t. Being able to sort by follower count &amp; disallowing deliberate impersonation probably solves this.'
22,1,'@nichegamer All unpaid legacy Blue checkmarks will be removed in a few months'
23,1,"'@RationalBlonde With new release, changing your verified name will cause loss of checkmark until name is confirmed by Twitter to meet Terms of Service'"
24,0,'@RationalBlonde ğŸ¤£'
25,0,'@TweetsOfJee @RationalBlonde ğŸ¤£'
26,1,'Punting relaunch of Blue Verified to November 29th to make sure that it is rock solid'
27,0,'@business False'
28,1,'@mrjasonchoi @nytimes Interesting thread'
29,1,"'@SenBillNelson @NASA @SpaceX Much appreciated, SpaceX will not let NASA down!'"
30,0,'Important to admit when Iâ€™m wrong &amp; firing them was truly one of my biggest mistakes'
31,1,'Welcoming back Ligma &amp; Johnson! https://t.co/LEhXV95Njj'
32,1,'@BillyM2k Actual Silicon Valley is way crazier!'
33,1,"'@waitbutwhy This is just as a result of people living longer. Population collapse is already built-in, due to dramatically decreasing birth rates.'"
34,0,'@jack @micsolana ğŸ’¯'
35,0,'@elonchieftwit False'
36,1,'@mualphaxi @micsolana @JTLonsdale @SenMarkey Much appreciated'
37,1,'@presidentbison @schrep Schrep is great'
38,0,'@libsoftiktok A tragic case of adult onset Touretteâ€™s'
39,1,'@catturd2 @WholeMarsBlog You make a compelling case'
40,0,'@micsolana The injustice of it all ğŸ˜­ğŸ˜­'
41,1,'@ajtourville @unusual_whales Seriously'
42,1,'@chriskatje @unusual_whales Ligma &amp; Johnson are welcome back anytime'
43,1,'@unusual_whales I would like to apologize for firing these geniuses. Their immense talent will no doubt be of great use elsewhere.'
44,1,'@MuskUniversity (cue Obama giving himself a medal meme)'
45,1,'@MuskUniversity Exactly'
46,1,'@schrep Server control team knows because they stop working from time to time. Thatâ€™s why they have the â€œcritical 40â€ list.'
47,1,"'@schrep True. Server side can (and has been) brute-forced, but that canâ€™t solve weak Internet connections &amp; older phones.\n\nWorth noting that Twitter in India &amp; many other countries is slow even on latest iPhone.'"
48,1,"'@WholeMarsBlog Starlink is rebuilding the Internet in space, so maybe I know slightly more than some guy who wrote code for a website'"
49,1,"'@schrep There are ~1200 â€œmicroservicesâ€ server side, of which ~40 are critical to Twitter working at all, according to server control team. \n\nTrimming down that 1200 number, reducing data usage, serialized trips &amp; simplifying app are all needed to improve speed of use.'"
50,0,"'@schrep Twitter is very slow in India, Indonesia &amp; many other countries. This is fact, not â€œclaimâ€.\n\n10 to 15 secs to refresh homeline tweets is common. Sometimes, it doesnâ€™t work at all, especially on Android phones.\n\nOnly question is how much delay is due to bandwidth/latency/app.'"
51,1,'@Umbisam Mr. Mungerâ€™s words are much appreciated'
52,1,'@mayemusk @Twitter @instagram @Fidias0 ğŸ¤—'
53,1,'@minliangtan @wlopwangling Malenia battle was next-level intense'
54,0,"'@minliangtan @wlopwangling Yes, although it seemed almost impossible at times'"
55,1,'@waitbutwhy The ratings on this simulation are incredible'
56,1,'@wlopwangling Definitely'
57,0,'@Popeska @sampullara Why is Twitter unusably slow in many countries? Seems odd that this would be bandwidth only.'
58,0,"'@micsolana Yeah, I hate it'"
59,1,"'By the People,\nFor the People'"
60,1,'Twitter is All the News'
61,1,"'@NASASpaceflight Next test is ~20 sec firing with max oxygen fill to test autogenous pressurization, possibly one more static fire, then orbital launch attempt'"
62,1,'@NASASpaceflight Test went well'
63,0,'@ChrisJBakke @TrungTPhan @nytimes ğŸ¤©'
64,0,'@_corywynn_ @TrungTPhan ğŸ¤£'
65,0,'@TrungTPhan Why the puff piece @nytimes?'
66,1,'@WholeMarsBlog Good question'
67,0,'@cb_doge Did seem a little Dr Evil tbh haha'
68,0,"'@alexeheath This is an external analysis, not from Twitter. It is lower than Twitterâ€™s published mDAU.'"
69,0,'SÃ¬Ã¬! https://t.co/Gj1wHytJxk'
70,1,'@NASASpaceflight Full test duration of 14 engines'
71,1,'Recent trend is promising https://t.co/0q7UdxSkbM'
72,1,'@nichegamer @abhiharry726 @sampullara Thatâ€™s what I said!'
73,1,"'@abhiharry726 @sampullara In some parts of the world, refresh takes 30 seconds'"
74,1,'@Popeska @sampullara How many serial requests are made by app to refresh timeline?'
75,1,'@sampullara And we will finally stop adding what device a tweet was written on (waste of screen space &amp; compute) below every tweet. Literally no one even knows why we did that â€¦'
76,0,'@sampullara Part of today will be turning off the â€œmicroservicesâ€ bloatware. Less than 20% are actually needed for Twitter to work!'
77,0,"'@sampullara I was told ~1200 RPCs independently by several engineers at Twitter, which matches # of microservices. The ex-employee is wrong.\n\nSame app in US takes ~2 secs to refresh (too long), but ~20 secs in India, due to bad batching/verbose comms. Actually useful data transferred is low.'"
78,1,'@mishaboar @MattWallace888 That is not good'
79,1,'@SeagerKershaw @KoguanLeo @hiromichimizuno This is up to the Tesla board'
80,1,'@leandroruschel @rmotta2 Can you cite specific instances of significance?'
81,1,'@Alpsoy66 @EricFrohnhoefer @MEAInd I have Tesla covered too. Will be there part of this week.'
82,0,'@dogeofficialceo @EricFrohnhoefer @MEAInd Thatâ€™s the bizarre part'
83,0,'@sselrehtaef ğŸ¤£ğŸ’¯'
84,1,'@helvio @rmotta2 How was it proven?'
85,1,"'@MattWallace888 Yay, heâ€™s investing in Tesla!'"
86,1,'@TaraBull808 @MarioNawfal @KimDotcom @RealChetBLong @favrue3 @cvpayne @AlderLaneEggs @bennyjohnson @catturd2 @RealCandaceO A question worth asking'
87,1,'@EricFrohnhoefer @MEAInd Iâ€™m ready through the list right now'
88,1,"'@EricFrohnhoefer @MEAInd True, the food is great. \n\nThe fact that you donâ€™t realize that there are up to 1200 â€œmicroservicesâ€ being called when someone uses the Twitter app is not great.'"
89,1,'@FBIPantyRaid @ThisIsKyleR Interesting'
90,1,'@rmotta2 Itâ€™s on my list to review. How urgent is this?'
91,1,'@SawyerMerritt That is my philosophy'
92,0,'@jimcramer @JohnLegere Umm â€¦ no'
93,1,'@chainsawdotcom @CL207 SpaceX Starlink bought a tiny â€“ not large â€“ ad package to test effectiveness of Twitter advertising in Australia &amp; Spain. Did same for FB/Insta/Google.'
94,1,'@NFTDannny @SawyerMerritt End of week'
95,1,'@Fwiz @SawyerMerritt Join Twitter!'
96,1,'@CL207 Comments in this thread had me rofl'
97,0,'@CL207 ğŸ¤£ğŸ¤£ğŸ”¥ğŸ”¥\U0001faa6\U0001faa6'
98,1,'@SawyerMerritt Something tells me this would work ğŸ§ '
99,1,'@__SeriousGemini @dawallach @Jason That goes without saying ğŸ¤£'
100,0,"'@dawallach @Jason BTC will make it, but might be a long winter'"
101,0,'@johnjhacking Concerning'
102,0,'@TrungTPhan @SBF_FTX ğŸ”¥ğŸ”¥'
103,1,'@ShooterMcKevin1 @MrHumanityGives Accurate assessment'
104,1,'@chicago_glenn @MrHumanityGives Great movie'
105,0,'@MrHumanityGives Are FB followed real?'
106,0,'@BillyM2k Damn'
107,1,'@gchahal Good summary!'
108,1,'@MuskUniversity I do'
109,1,'@AnaPaulaVolei @GFiuza_Oficial Will look into it'
110,0,'@ashleevance ğŸ¤£ğŸ’¯'
111,0,'@EricFrohnhoefer Twitter is super slow on Android. What have you done to fix that?'
112,0,'@EricFrohnhoefer Then please correct me. What is the right number?'
113,1,"'@_hawko False. Twitter spends $13M/year on food service for SF HQ. Badge in records show peak occupancy was 25%, average occupancy below 10%.\n\nThere are more people preparing breakfast than eating breakfast.\n\nThey donâ€™t even bother serving dinner, because there is no one in the building.'"
114,1,'@WallStreetSilv @mtaibbi Yup'
115,0,'@TrungTPhan ğŸ¤£'
116,1,'@dennishegstad Increasing granularity about what â€œverifiedâ€ actually means is the right move'
117,0,'@jakeshieldsajj @SenMarkey @washingtonpost https://t.co/oNmqc7NlxY'
118,0,'@dogeofficialceo @TomFitton https://t.co/P0piGwEkmG'
119,0,'@dogeofficialceo @TomFitton ğŸ¤”'
120,0,'@TomFitton ğŸ¤” https://t.co/XpH56PxLgm'
121,1,'@lexfridman I think youâ€™re great'
122,0,'@Tattytats @AmoneyResists I canâ€™t tell'
123,1,'@nichegamer Especially bizarre given that almost no one came to the office. Estimated cost per lunch served in past 12 months is &gt;$400.'
124,0,'@micsolana ğŸ¤£'
125,1,"'@HSajwanization I hope they keep cursing me on Twitter, as it increases advertising revenue!'"
126,0,'@219_eth ğŸ§'
127,1,'@dennishegstad We will enable organizations to manage affiliations'
128,1,"'@engineers_feed Output of any company is the vector sum of people within it. Someone may be a strong vector, but negatively affect those around them to such a degree that they are a net negative.'"
129,0,"'Btw, Iâ€™d like to apologize for Twitter being super slow in many countries. App is doing &gt;1000 poorly batched RPCs just to render a home timeline!'"
130,1,'@jessica_kirsh @SpaceX @TeslaAIBot @Tesla Cool :)'
131,1,"'@johnkrausphotos Ultimately, I think there is no choice but for Twitter to be the final arbiter, but Iâ€™m open to suggestions'"
132,1,"'Rolling out soon, Twitter will enable organizations to identify which other Twitter accounts are actually associated with them'"
133,1,'@D4VIDBRAVO Coming soon'
134,0,"'@sama Amphetamines negatively affect empathy, psychedelics do the opposite'"
135,0,'@People4Bernie @SenMarkey @washingtonpost Are you suggesting the Senator will abuse his political power to attack me?'
136,1,'@BillyM2k Twitter rocks'
137,1,'@muratpak @archillect What matters is that you love them'
138,1,'Twitter feels increasingly alive'
139,1,"'@JohnLegere @HolyKnightKeith @Twitter @MikeSievert @TMobile I like both you and Mike! Itâ€™s just that Twitter at its core is a software &amp; servers company. The technology needs to evolve rapidly, which requires a technologist.'"
140,0,'@JohnLegere @Twitter No'
141,0,"'@TomFitton SBF was a major Dem donor, so no investigation'"
142,0,'@dogeofficialceo @SenMarkey @washingtonpost ğŸ¤£ğŸ¤£'
143,0,'@SenMarkey @washingtonpost And why does your pp have a mask!?'
144,0,'@SenMarkey @washingtonpost Perhaps it is because your real account sounds like a parody?'
145,1,'@BLKMDL3 @DirtyTesLa @WholeMarsBlog Rollout will broaden roughly every week'
146,1,'@ID_AA_Carmack Fond memories'
147,1,'@TaraBull808 ğŸ¤£ğŸ’¯'
148,1,'@WholeMarsBlog @saasInvestor Ok â€¦'
149,1,'@DirtyTesLa @WholeMarsBlog Probably next month'
150,1,'@DirtyTesLa @WholeMarsBlog Going without saying that we all want ASS (Actually Smart Summon) ASAP!!'
151,0,'@slashdot No way'
152,1,'@debarghya_das @ayushkhd @Tesla Making Tesla Superchargers &amp; connectors available to all is the right thing to do'
153,1,'@A_MrBenMitchell @RadioShack @MarioNawfal Spaces should be evolve. It has potential to be truly great.'
154,1,'@pauljamil @philbak1 Probably end of next week'
155,1,'@philbak1 My reaction to SBF was â€¦ different'
156,1,'@MarioNawfal Twitter at its best!'
157,0,'@alex_avoigt ğŸ’ªğŸ’ª'
158,0,'@kellymilkies @tomasverdugo @balinares ğŸ¯'
159,1,'@elephantbridge @balinares Yes'
160,0,"'@balinares This is false. Anyone who can be in office, should be. However, if not logistically possible or they have essential personal matters, then staying home is fine.\n\nWorking remotely is also ok if their manager vouches for excellence.\n\nSame policy as Tesla &amp; SpaceX.'"
161,1,'Order at https://t.co/Q1VvqV5G0i! https://t.co/Ehca6KRk3v'
162,1,'@andst7 wen doc series? @netflix'
163,1,'@MuskUniversity Yup'
164,1,'@CathieDWood Exactly'
165,0,'@Thnaiyan Ø³ÙˆÙ ØªÙØ¹Ù„'
166,1,'@andst7 Cool'
167,0,'@andst7 https://t.co/ZpZ6B4F7Ou'
168,0,'@westcoastbill \U0001f9be'
169,1,"'@WholeMarsBlog Given all that is in V11, it will take a few weeks to expand the beta, then another few weeks to go wide release to US &amp; Canada'"
170,1,'@WholeMarsBlog FSD V11 rolled out at 11:11pm Pacific'
171,0,'\U0001faa6ğŸ¤–'
172,1,'Twitter is'
173,0,'@KimDotcom @sama Not sure I have much to add'
174,0,'@sama https://t.co/Im1hBlUihz'
175,0,'FTX meltdown/ransack being tracked in real-time on Twitter'
176,1,'@BillyM2k ğŸ¤”'
177,1,'@SCHIZO_FREQ ğŸ¤£'
178,1,'@alexgilbertnz @TechEmails Itâ€™s coming'
179,1,"'@TechEmails Accurate. He set off my bs detector, which is why I did not think he had $3B.'"
180,1,'Weâ€™re adding a â€œParodyâ€ subscript to clarify'
181,0,'@chicago_glenn @BernieSanders @CommunityNotes ğŸ¤£'
182,1,"'@BernieSanders Full answer to insulin price question is complex. Short answer is that original insulin, discovered in 1921 (not 1923), is inexpensive, costing as little as $25. \n\nNew, higher efficacy analog variants of insulin are more expensive. @CommunityNotes\n\nhttps://t.co/S4c0esI1vU'"
183,0,'@WholeMarsBlog It used to be:\n\nâ€œInternet guy will fail at rockets/cars!â€\n\nNow it is:\n\nâ€œRockets/cars guy will fail at Internet!â€\n\nLiterally from same media outlets ğŸ¤£ğŸ¤£'
184,1,'@MostlyPeacefull lol'
185,1,'@SawyerMerritt @BillyM2k @WholeMarsBlog Maybe should be default off? Subscriber is a way better name.'
186,0,'@sama https://t.co/C8hn7Ohxt4'
187,1,"'Mainstream media will still thrive, but increased competition from citizens will cause them to be more accurate, as their oligopoly on information is disrupted'"
188,1,'@stillgray True'
189,1,'This is from the video arcade &amp; bar area'
190,1,'@EvaFoxU Interesting'
191,0,'@TrungTPhan ğŸ¤£'
192,1,"'As Twitter pursues the goal of elevating citizen journalism, media elite will try everything to stop that from happening'"
193,1,'@JeffTutorials What is Quill?'
194,0,'@paulg @micsolana \U0001f979'
195,1,'Twitter HQ is great (this is a real pic) https://t.co/qjfOQCr533'
196,1,"'@EvaFoxU @Reuters When @CommunityNotes rolls out worldwide, it will have a powerful impact on falsehoods'"
197,0,'@Reuters False'
198,1,"'@BTC_Archive Needs some tweaks, but overall proceeding well'"
199,1,"'@WholeMarsBlog Agreed, necessary change'"
200,1,'Hit all-time high of active users today'
201,1,"'@TeslaTomMY1 2023 will probably be tough, but my companies are positioned well'"
202,1,'Some epically funny tweets ğŸ¤£ğŸ¤£'
203,1,'@stillgray @EmmanuelMacron We will take action in this regard'
204,1,'Quite the day!'
205,1,'@EmmanuelMacron Absolument'
206,1,'@WholeMarsBlog I agree'
207,1,'@stillgray Absolutely'
208,1,'@FeuxManning Yes'
209,0,"'To be more precise, accounts doing parody impersonations. Basically, tricking people is not ok.'"
210,1,"'Going forward, accounts engaged in parody must include â€œparodyâ€ in their name, not just in bio'"
211,1,"'@stoolpresidente Even I paid $8, no discount'"
212,1,'Usage of Twitter continues to rise. One thing is for sure: it isnâ€™t boring!'
213,1,'@DojaCat You should be able to change your name now'
214,1,'@gainzy222 Iâ€™d watch that movie ğŸ¿'
215,1,'@kcoleman Community Notes is a gamechanger for improving accuracy on Twitter!'
216,1,'@Youssofal_ @BiasedGirl $8'
217,1,'@Jeaia @StephenKing @Twitter @jack Yay!'
218,0,"'@BiasedGirl Far too many corrupt legacy Blue â€œverificationâ€ checkmarks exist, so no choice but to remove legacy Blue in coming months'"
219,1,'@farzyness @Twitter Indeed'
220,0,'I love when people complain about Twitter â€¦ on Twitter ğŸ¤£ğŸ¤£'
221,1,'@TechAmazing Wow'
222,0,'@HansMahncke @micsolana ğŸ¤£ğŸ¤£'
223,1,'@StephenKing ğŸ‘»'
224,0,'https://t.co/FxdcXa1I7i'
225,0,'@DJSnM Iâ€™m not seeing much spam in this reply'
226,1,'@davidzweig Yes'
227,1,'@Ki_PenYakki_ay Coming'
228,0,'@JimMFelton ğŸ¤£ğŸ¤£'
229,1,"'@mcuban Itâ€™s working for me. That said, we can definitely make the verified mentions tab more usable.'"
230,1,'@chhcalling What does a tosh look like?'
231,1,'Are you seeing far fewer bots/scams/spam?'
232,1,'@Teslaconomics Itâ€™s awesome \U0001fad0'
233,1,'@DojaCat Pretty funny though ğŸ¤£ğŸ¤£'
234,1,'@DojaCat Working on it!'
235,1,'@GooseWayn Thatâ€™s coming'
236,1,'@Pentosh1 Youâ€™re welcome!'
237,0,'@TeslaAIBot ğŸ¤£'
238,1,"'@micsolana Rollout of new verified Blue is intentionally limited just to iOS in a few countries with very little promotion. \n\nAs we iron out issues, we will expand worldwide on all platforms.'"
239,1,"'@micsolana In days to come, weâ€™ll add granularity to verified badge, such as organizational affiliation &amp; ID verification'"
240,1,"'@micsolana We are changing the text to say â€œLegacy Verified. Could be notable, but could also be bogus.â€'"
241,0,'@guslabu @tomwarren ğŸ¯ğŸ˜ğŸ’°'
242,1,'@StarringShane Subscription Blue is better than legacy Blue. I switched over.'
243,1,'@PPathole The goal of Twitter DMs is to superset Signal'
244,1,'@eglyman @tryramp @Twitter Twitter is growing super fast. I hope it continues!!'
245,1,"'@EvaFoxU @BillyM2k Hopefully, as soon as next week'"
246,1,'@BillyM2k Totally agree!'
247,1,"'@TOIPlus Nope, I was alway ğŸ¥œ !'"
248,1,'@ZubyMusic Yeah'
249,1,'@lawrencekitema @SpaceNews_Inc Congratulations!'
250,1,'@SpaceNews_Inc Rockets that arenâ€™t reusable have no future'
251,1,'@SciGuySpace Finally'
252,1,'Please note that Twitter will do lots of dumb things in coming months. \n\nWe will keep what works &amp; change what doesnâ€™t.'
253,1,'Complaint hotline operator online! Please mention your complaints below.'
254,1,'@MKBHD Blue check will be the great leveler'
255,1,'@MKBHD I just killed it'
256,1,'@nichegamer Actual fun stuff FTW!!'
257,0,'@nichegamer ğŸ˜'
258,0,"'@ID_AA_Carmack Should be noted that a significant percentage of these accounts are not real people, but some proportion are'"
259,0,"'@jasontoff This is super messed up. Unfortunately, many such things occurred at Twitter. Even worse was done in later years. \n\nMeaningful growth happens when utility &amp; entertainment value improve. That will be our focus going forward.\n\nNo more fake numbers &amp; pseudo growth.'"
260,0,'@micsolana When reality is indistinguishable from satire'
261,0,'@WholeMarsBlog âœŒï¸'
262,0,'@monitoringbias It is borderline illegal to support Republicans in San Francisco! \n\nEven admitting you know some is pretty bad ğŸ¤£'
263,0,'@TrungTPhan ğŸ¤£'
264,0,'@BillyM2k ğŸ¤£'
265,1,'@ZubyMusic Good point'
266,1,'@DavidSacks Yes'
267,1,'@RustyRoad @ID_AA_Carmack Twitter is the most interesting place on the Internet'
268,0,'Twitter is the worst!\nBut also the best.'
269,0,'@andst7 ğŸ¤£'
270,0,"'@stevekrenzel Wow, this is messed up!'"
271,0,'@WholeMarsBlog Politics is war and truth is the first casualty'
272,0,"'@PPathole @mayemusk While itâ€™s true that Iâ€™ve been under unfair &amp; misleading attack for some time by leading Democrats, my motivation here is for centrist governance, which matches the interests of most Americans'"
273,1,'@BillyM2k @laoisman80 @hankgreen Exactly'
274,1,'@yoyoel Important thread'
275,0,'@BillyM2k ğŸ¤£ğŸ¤·\u200dâ™‚ï¸'
276,0,'@ID_AA_Carmack https://t.co/pgTSY1zIdc'
277,0,'@HeidiBriones ğŸ’¯'
278,0,'https://t.co/3t5ahItE5z'
279,0,'I just hope the servers donâ€™t melt!'
280,1,'Twitter usage is at an all-time high lol'
281,0,'@EvaFoxU ğŸ¤£'
282,1,'And Iâ€™m open to the idea of voting Democrat again in the future'
283,0,'@BillyM2k ğŸ¤£ğŸ¤£ğŸ’¯'
284,1,"'To be clear, my historical party affiliation has been Independent, with an actual voting history of entirely Democrat until this year'"
285,1,'@MattWallace888 @hankgreen True'
286,1,"'@hankgreen Like most people in America, I agree with some of the Democrat and some of the Republican policies, but not all.\n\nHowever, if executive and legislative branches are dominated by *one* party, then we lose balance of power.'"
287,1,"'Hardcore Democrats or Republicans never vote for the other side, so independent voters are the ones who actually decide whoâ€™s in charge!'"
288,1,"'To independent-minded voters:\n\nShared power curbs the worst excesses of both parties, therefore I recommend voting for a Republican Congress, given that the Presidency is Democratic.'"
289,1,"'But if Twitter is bird, thatâ€™s means â€¦ ğŸ¤¯'"
290,1,'Back when birds were real'
291,1,'How times have changed https://t.co/gCxUkZ4kZC'
292,1,'@TomFitton @Twitter We do'
293,1,"'Twitter rules will evolve over time, but theyâ€™re currently the following: https://t.co/Ut1tXuefso'"
294,1,'@greg16676935420 @jack Birds havenâ€™t been real since 1986 https://t.co/lR6BZj0nwX'
295,1,'@mcuban $8 for all'
296,1,'@stillgray @jack Exactly'
297,0,'@jack Not everything needs to have â€œbirdâ€ in the name! Too many bird groups fighting each internally other at Twitter. Angry Birds.'
298,0,'@jack Birdwatch gives me the creeps'
299,0,'@SarahKSilverman Community Notes aka @birdwatch'
300,0,'@GPrime85 @bennyjohnson @kathygriffin ğŸ¤£'
301,1,'@bennyjohnson @kathygriffin For $8'
302,1,"'@bennyjohnson @kathygriffin But if she really wants her account back, she can have it'"
303,0,"'@bennyjohnson @kathygriffin Actually, she was suspended for impersonating a comedian'"
304,1,"'@stillgray At the end of the day, if Twitter is indeed the most accurate source of information, more people will use it'"
305,1,'@jack As judged by the people of Twitter via Community Notes (formerly Birdwatch)'
306,1,'@RationalEtienne @kylegrantham Absolutely'
307,1,'@kylegrantham You represent the problem: journalists who think they are the only source of legitimate information. Thatâ€™s the big lie.'
308,1,'@realpfigueiredo @JosianoPadovani @reportersalles I will look into this'
309,1,'@stevenmarkryan Accurate'
310,1,"'My commitment to free speech extends even to not banning the account following my plane, even though that is a direct personal safety risk'"
311,1,'Twitter needs to become by far the most accurate source of information about the world. Thatâ€™s our mission.'
312,1,"'@alex_avoigt Twitter user numbers have increased significantly around the world since the deal was announced.\n\nAnd these are very early days. As Twitter becomes by far the most reliable source of truth, it will be indispensable.'"
313,1,'@BillyM2k @StonksReddit No problem to use a pseudonym. The high-level principle is just that verified users canâ€™t engage in malicious deception.'
314,0,'@dogeofficialceo @EvaFoxU @kylaschwaberow ğŸ¤£'
315,1,"'@EvaFoxU @kylaschwaberow We are implementing additional safeguards to prevent impersonation, as well as collective use of Verified accounts by a single individual or organization'"
316,1,'Widespread verification will democratize journalism &amp; empower the voice of the people'
317,0,'@catturd2 No exceptions'
318,1,'Any name change at all will cause temporary loss of verified checkmark'
319,0,"'Previously, we issued a warning before suspension, but now that we are rolling out widespread verification, there will be no warning. \n\nThis will be clearly identified as a condition for signing up to Twitter Blue.'"
320,0,'@JosianoPadovani @reportersalles What censorship are you referring to?'
321,1,"'Going forward, any Twitter handles engaging in impersonation without clearly specifying â€œparodyâ€ will be permanently suspended'"
322,1,'@SnazzyQ @CorySteuben @Erdayastronaut @live_munro We can beat that'
323,1,'@birdwatch Worth watching'
324,1,'@michaelmiraflor Fixing search is a high priority'
325,1,'@DJSnM @Erdayastronaut Noted to fix'
326,1,'Search within Twitter reminds me of Infoseek in â€˜98! That will also get a lot better pronto.'
327,1,'@CorySteuben @Erdayastronaut @live_munro Interesting'
328,1,"'@gchahal @TwitterBlue 42 mins to start, then several hours in a month or so'"
329,1,'@BillyM2k @nikitabier We definitely need to incent people to do a lot more interactions on Twitter!'
330,1,'@stephsmithio ğŸ¤£'
331,1,"'@Erdayastronaut We can do 42 min chunks at 1080 resolution now for new Blue, so you could break up a longer video. The 42 min limit should be fixed next month.\n\nHow does YouTube monetization work &amp; what could Twitter do better?'"
332,1,'@stillgray Absolutely'
333,1,"'@Cricprabhu Hopefully, less than a month'"
334,1,'@AdamFostermusic Absolutely'
335,1,'@Jorge_Most_ Two weeks'
336,1,'@mahdi Something like that'
337,1,'Followed by creator monetization for all forms of content'
338,1,"'Twitter will soon add ability to attach long-form text to tweets, ending absurdity of notepad screenshots'"
339,1,'@aaroncohn30 @IGrabill @scottbelsky @kcoleman @AlexMahadevan Couple months'
340,1,'@RenataKonkoly @raaahulpandey @TeslaAIBot True'
341,1,"'@raaahulpandey Great question. Twitter will suspend the account attempting impersonation and keep the money! \n\nSo if scammers want to do this a million times, thatâ€™s just a whole bunch of free money. https://t.co/QUrxqb59I0'"
342,1,'This rocks https://t.co/sB1sL0Hdrv'
343,1,"'@ProfitsTaken So long as pay $8, please be my guest'"
344,0,'@SamTwits ğŸ™'
345,1,"'@IGrabill @scottbelsky @kcoleman @AlexMahadevan That is weirdly tricky due to the way Apple handles â€œsubscriptionsâ€. If you subscribed to the old thing, itâ€™s not super smooth to subscribe to the new thing. Weâ€™re working on it.'"
346,0,'@TerribleMaps ğŸ¤£ğŸ¤£'
347,1,'@WSBChairman @BillyM2k Yup'
348,0,'@MarkRuffalo Hot take: not everything AOC says is ğŸ’¯ accurate'
349,1,'@scottbelsky @kcoleman @AlexMahadevan This feature is an absolute gamechanger for fighting mis/disinformation at scale'
350,1,"'@SirineAti @BillyM2k As soon as we confirm itâ€™s working well in the initial set of countries and we have the translation work done, it will roll out worldwide'"
351,1,'@Tesmanian_com Making great actuators for a humanoid robot is a surprisingly hard problem'
352,1,'@alex_avoigt I still do a lot of work at Tesla! Was at our Palo Alto engineering office until late Thursday night when I had to redeye to NY.'
353,0,'@kcoleman @ubiquity75 ğŸ¤£ğŸ’¯'
354,1,"'@BillyM2k Far too many legacy â€œverifiedâ€ checkmarks were handed out, often arbitrarily, so in reality they are *not* verified. You can buy as many as you want right now with a Google search.\n\nPiggybacking off payment system plus Apple/Android is a much better way to ensure verification.'"
355,1,'@BillyM2k https://t.co/BJSDuJIdLK'
356,1,'@Techgnostik @alex_avoigt Correct'
357,0,'https://t.co/4UQlClBSct'
358,1,'@kcoleman @AlexMahadevan Birdwatch (soon to be renamed Community Notes) has incredible potential for improving information accuracy on Twitter!'
359,0,"'Trash me all day, but itâ€™ll cost $8'"
360,1,'@DanRather $8'
361,1,'âš¡ï¸âš¡ï¸âš¡ï¸ Power to the People âš¡ï¸âš¡ï¸âš¡ï¸'
362,1,'@CryptoDaddyTV I try my best'
363,1,'@mrddmia Thank you. \n\nA thermonuclear name &amp; shame is exactly what will happen if this continues.'
364,1,"'Regarding Twitterâ€™s reduction in force, unfortunately there is no choice when the company is losing over $4M/day.\n\nEveryone exited was offered 3 months of severance, which is 50% more than legally required.'"
365,1,'@TomFitton @Twitter @yoyoel @JudicialWatch Twitter will not censor accurate information about anything'
366,1,"'Again, to be crystal clear, Twitterâ€™s strong commitment to content moderation remains absolutely unchanged.\n\nIn fact, we have actually seen hateful speech at times this week decline *below* our prior norms, contrary to what you may read in the press.'"
367,1,'Excellent summary of Twitterâ€™s Trust &amp; Safety from the head of the team https://t.co/sJ1MBf9Mub'
368,1,"'@hankgreen Hank, try a Google search â€¦'"
369,0,'@marenkahnert @hankgreen ğŸ¤£ğŸ’¯'
370,0,'@dogeofficialceo @hankgreen ğŸ¤£ğŸ¤£'
371,1,'@ZssBecker Agreed. Working on it.'
372,0,'@hankgreen And therefore Twitter should die?'
373,1,'@stillgray Youâ€™re right'
374,0,"'Twitter has had a massive drop in revenue, due to activist groups pressuring advertisers, even though nothing has changed with content moderation and we did everything we could to appease the activists.\n\nExtremely messed up! Theyâ€™re trying to destroy free speech in America.'"
375,1,'@WalterIsaacson Absolutely'
376,1,'@TomFitton That assessment is more accurate than most people realize'
377,0,'@jonastyle_ @waitbutwhy ğŸ¤£'
378,1,'@waitbutwhy Unsure if confirming or denying that \nIâ€™m an alien is more convincing that \nIâ€™m an alien'
379,1,'@Plinz maybe weâ€™re already in it'
380,1,'@waitbutwhy Iâ€™m an alien trying to get back to my home planet'
381,1,'@varmentmobile @POTUS There are in fact 2 agendas'
382,0,'@BillyM2k ğŸ’© â€”&gt; ğŸ’°â€¦ ğŸ¤”'
383,0,'Tiny talk is talk so small it feels like itâ€™s coming from your own mind'
384,0,'@bennyjohnson @AOC What can I say? It was a naked abuse of power.'
385,0,'Why is small talk even legal!?'
386,0,'@satiricaldissi1 ğŸ¤£'
387,1,'A neuron doesnâ€™t realize itâ€™s a neuron'
388,1,"'@CookieCrumb35 Pretty much, or at least one of the hive minds'"
389,1,'â€¦ with a lot of room for improvement'
390,1,"'Because it consists of billions of bidirectional interactions per day, Twitter can be thought of as a collective, cybernetic super-intelligence'"
391,1,"'@AliZafarsays @MrBeast True, Twitter has amazing content in Japan â€“ roughly half of all adults online â€“ but itâ€™s almost never seen outside of Japan'"
392,0,'ğŸ¯ https://t.co/W55sUbxYed'
393,0,'@micsolana ğŸ¤£ğŸ‘'
394,0,'ğŸ¤” https://t.co/XuJdfMTTi1'
395,0,'https://t.co/BYOBGBHOUA'
396,1,"'@AOC Your feedback is appreciated, now pay $8'"
397,1,'Advertisers should support:'
398,0,'@itsALLrisky ğŸ¤£'
399,0,'https://t.co/kGncG7Hs3M'
400,1,'@FridaGhitis $8'
401,1,'Twitter is simply the most interesting place on the Internet. Thatâ€™s why youâ€™re reading this tweet right now.'
402,1,'@RealSpikeCohen The system is working ğŸ¤£'
403,1,'Being attacked by both right &amp; left simultaneously is a good sign'
404,1,'@TrungTPhan Quite a few companies like this'
405,1,'@BillyM2k Works every time'
406,0,'@TrungTPhan ğŸ¤£ğŸ¤£'
407,1,'@cafreiman @micsolana Capital allocation should be done by those best at doing so'
408,1,'@TesLatino @Tesla Still a fair bit of polish to be done on 69.3. Itâ€™s a major release posing as a minor release.'
409,1,'@adrianhon Some good ideas here'
410,1,'you get what you pay for'
411,0,"'@Rubiu5 If verified accounts violate terms of service, eg spam/scam/impersonation, theyâ€™ll be suspended, but Twitter will keep their money!\n\nWe will definitely add cool stuff like what youâ€™re suggesting to Twitter Blue.'"
412,1,'@MichaelDell Thanks Michael'
413,1,'@bennyjohnson Absolutely agreed that the Twitter safety board should have people from all viewpoints'
414,1,'@HSajwanization Exactly!'
415,1,"'@micsolana The community notes feature is awesome. \n\nOur goal is to make Twitter the most accurate source of information on Earth, without regard to political affiliation.'"
416,1,"""@yoyoel @JGreenblattADL @YaelEisenstat @rashadrobinson @JGo4Justice @normanlschen @DerrickNAACP @TheBushCenter @SindyBenavides Twitter's content moderation council will include representatives with widely divergent views, which will certainly include the civil rights community and groups who face hate-fueled violence"""
417,0,"'@yoyoel @JGreenblattADL @YaelEisenstat @rashadrobinson @JGo4Justice @normanlschen @DerrickNAACP @TheBushCenter @SindyBenavides Twitter will not allow anyone who was de-platformed for violating Twitter rules back on platform until we have a clear process for doing so, which will take at least a few more weeks'"
418,1,"'@yoyoel Talked to civil society leaders @JGreenblattADL, @YaelEisenstat, @rashadrobinson, @JGo4Justice, @normanlschen, @DerrickNAACP, @TheBushCenter Ken Hersch &amp; @SindyBenavides about how Twitter will continue to combat hate &amp; harassment &amp; enforce its election integrity policies'"
419,1,'@foundmyfitness I think so'
420,1,'@klwtts Exactly!'
421,0,'@StonksReddit ğŸ‘€'
422,0,'Twitter speaks to the inner masochist in all of us'
423,0,'@TomFitton @Twitter @yoyoel Itâ€™s the userâ€™s own setting that did this'
424,0,'Totally stole idea of charging for insults &amp; arguments from Monty Python tbh https://t.co/oFKRyp3BS7'
425,1,"'To all complainers, please continue complaining, but it will cost $8'"
426,1,'@Teslarati Yup'
427,1,'@Rubiu5 That already happens very frequently'
428,0,'@thegoodgodabove ğŸ’¯'
429,1,'@Erdayastronaut @SpaceForceDoD @SLDelta45 @SpaceX Falcon Heavy is a testament to the awesomeness of humanity'
430,1,'@Jihoz_Axie Sounds like a good idea'
431,0,'@wintonARK ğŸ¯'
432,1,"'There will be a secondary tag below the name for someone who is a public figure, which is already the case for politicians'"
433,0,'https://t.co/icg6e35LOe'
434,1,"'@saylor Yes, this will destroy the bots. If a paid Blue account engages in spam/scam, that account will be suspended. \n\nEssentially, this raises the cost of crime on Twitter by several orders of magnitude.'"
435,1,'@Gfilche Absolutely essential. Creators need to make a living!'
436,1,'This will also give Twitter a revenue stream to reward content creators'
437,1,'@Emmonspired @MKBHD Exactly'
438,0,'@jimmyfailla ğŸ¤£ğŸ‘»'
439,1,'And paywall bypass for publishers willing to work with us'
440,1,"'You will also get:\n- Priority in replies, mentions &amp; search, which is essential to defeat spam/scam\n- Ability to post long video &amp; audio\n- Half as many ads'"
441,1,'Price adjusted by country proportionate to purchasing power parity'
442,1,'Twitterâ€™s current lords &amp; peasants system for who has or doesnâ€™t have a blue checkmark is bullshit. \n\nPower to the people! Blue for $8/month.'
443,1,'Sonic BOOMS!! https://t.co/6n5OxFc0Dy'
444,1,'Falcon Heavy launch in ~30 mins https://t.co/Bluay8q80F'
445,0,'https://t.co/8paUCM8nh9'
446,0,'@StephenKing I will explain the rationale in longer form before this is implemented. It is the only way to defeat the bots &amp; trolls.'
447,0,'@StephenKing We need to pay the bills somehow! Twitter cannot rely entirely on advertisers. How about $8?'
448,0,'ğŸ˜‰ https://t.co/eaIYaDRBnu'
449,1,'Halloween with my Mom https://t.co/xOAgNeeiNN'
450,0,"'@BillyM2k @Jason I confess, itâ€™s all my fault'"
451,1,'@yoyoel I recommend following @yoyoel for the most accurate understanding of whatâ€™s happening with trust &amp; safety at Twitter'
452,0,'@DaneCook I hate sarcasm so much you canâ€™t believe it'
453,1,'@MKBHD For now'
454,0,'@Kristennetten @ChrisMurphyCT ğŸ¤£ğŸ¯'
455,1,'@erichjrusch @Twitter @Jason @DavidSacks Definitely'
456,0,'@BillyM2k @dogeofficialceo ğŸ¤£'
457,1,'@JennaEllisEsq @RealMarkFinchem Looking into it'
458,1,'@EvaFoxU This is just temporary'
459,1,'@RNRakowitz @wfamarketers @SEP @GerryDAngelo @philsmithisba @Diageo_News @bjankow @kieley_taylor @barone9323 @ajb_sf @meghaley6 Twitterâ€™s commitment to brand safety is unchanged'
460,1,"'If I had a dollar for every time someone asked me if Trump is coming back on this platform, Twitter would be minting money!'"
461,0,"'@paulg The Guardian used to have balance (moderately left) and integrity, but now it is a far left wing propaganda machine. I hope they get back to where they were one day.'"
462,0,"'@BillyM2k Oh no, all our diabolical plans have been revealed!!'"
463,1,'@MrBeast What could we do to make it better than TikTok?'
464,0,'@teslaownersSV @slashdot @Jason @Twitter ğŸ’¯'
465,1,'@Jason Interesting'
466,0,'@Politics_Polls ğŸ¤£'
467,0,'@Politics_Polls He sucks!!!'
468,1,'Bring back Vine?'
469,0,"'@Liz_Wheeler Weâ€™ve all made some questionable tweets, me more than most, but I want to be clear that I support Yoel. My sense is that he has high integrity, and we are all entitled to our political beliefs.'"
470,0,"'Wachtell &amp; Twitter board deliberately hid this evidence from the court. Stay tuned, more to come â€¦ https://t.co/CifaNvtRtt'"
471,0,"'@TonyadeVitti All news has bias, some more than others'"
472,0,'@itsALLrisky ğŸ¤£'
473,0,'This is fake â€“ I did *not* tweet out a link to The New York Times! https://t.co/d6V6m5ATW2'
474,0,'@Abdelhakdyne @jimmykimmel Iâ€™ve now been through so many hero to villain cycles Iâ€™ve lost count'
475,0,'@jimmykimmel ğŸ˜¢'
476,1,'@fasc1nate What an incredible creature!'
477,1,'@johnkrausphotos @sriramk The whole verification process is being revamped right now'
478,0,'@ericuman This is false'
479,0,'@KingJames https://t.co/ZdI2nTqlqw'
480,0,'@Neuro_Skeptic https://t.co/gSjeJniK4u'
481,1,"'@itsALLrisky @spideycyp_155 @WholeMarsBlog Tweeps will be twits going forward, as the latter has vastly more gravitas'"
482,1,'@TonyadeVitti @spideycyp_155 @WholeMarsBlog Pretty much'
483,0,'@spideycyp_155 @WholeMarsBlog There seem to be 10 people â€œmanagingâ€ for every one person coding'
484,1,'But Management 201 is such a tantalizing carrot â€¦'
485,1,'@WholeMarsBlog My title is Chief Twit right there in the bio. No idea who the CEO is.'
486,1,'@kerrikgray ğŸ’¯'
487,1,'So demanding to allow a mere 30 days to learn this priceless information!'
488,1,"'Just received this email from Twitter. This is an actual, real email that was autogenerated ğŸ¤£ğŸ¤£ https://t.co/7DQp4sNINX'"
489,1,'@waitbutwhy ğŸ¤£ğŸ’¯'
490,1,"'@TomFitton @Twitter @JustTheNews I will look into this. Twitter should be even-handed, favoring neither side.'"
491,1,'@danzwku @ID_AA_Carmack Absolutely'
492,1,'@ID_AA_Carmack d(he)ll'
493,1,'@WholeMarsBlog @karpathy Andrej will always be welcome at Tesla'
494,1,'@lexfridman ğŸ¤£'
495,1,'#SoBrave'
496,1,"'Finally, the truth that carbs are amazing can be said on this platform! \n#FreeSpeech'"
497,1,'Fresh baked bread &amp; pastries are some of the great joys of life'
498,1,"'@amasad Good point. \n\nBeing able to select which version of Twitter you want is probably better, much as it would be for a movie maturity rating. \n\nThe rating of the tweet itself could be self-selected, then modified by user feedback.'"
499,1,'@BillyM2k ğŸ¯'
500,1,'@WholeMarsBlog One of the best trolls ever ğŸ¤£ğŸ¤£'
501,1,'@cosminDZS Something like this makes sense'
502,1,'@greg16676935420 Ace reporting by @cnbc ğŸ¤£ğŸ¤£'
503,1,"'To be super clear, we have not yet made any changes to Twitterâ€™s content moderation policies https://t.co/k4guTsXOIu'"
504,0,'@BillyM2k ğŸ¤£ğŸ’¯'
505,1,'@Rainmaker1973 Sorry about that. Fixing as fast as possible!'
506,1,'@westcoastbill ğŸ¤£'
507,1,'@EvaFoxU ğŸ¤£ğŸ¤£'
508,0,'Ligma Johnson had it coming ğŸ† ğŸ’¦ https://t.co/CgjrOV5eM2'
509,1,'@MikhailaFuller @jordanbpeterson Anyone suspended for minor &amp; dubious reasons will be freed from Twitter jail'
510,1,'Comedy is now legal on Twitter'
511,1,'@RpsAgainstTrump Yeâ€™s account was restored by Twitter before the acquisition. They did not consult with or inform me.'
512,1,'Twitter will be forming a content moderation council with widely diverse viewpoints. \n\nNo major content decisions or account reinstatements will happen before that council convenes.'
513,1,'@slashdot !'
514,1,'@skorusARK Cool!'
515,1,'@WeAreCanProud First Iâ€™ve heard'
516,1,'ğŸ¶ let the good times roll ğŸ¶'
517,1,'@catturd2 I will be digging in more today'
518,1,'the bird is freed'
519,1,'Falcon rockets to orbit as seen from LA https://t.co/r8L2SbLC3p'
520,1,'@Gfilche @Twitter ğŸ¤£'
521,1,'@PeterSchiff ğŸ¤£ thanks'
522,1,'@ZubyMusic Absolutely'
523,1,'Dear Twitter Advertisers https://t.co/GMwHmInPAS'
524,1,'@BillyM2k ğŸ‘»'
525,1,'Meeting a lot of cool people at Twitter today!'
526,1,'Entering Twitter HQ â€“ let that sink in! https://t.co/D68z4K2wq7'
527,1,'@dogeofficialceo @mtaibbi ğŸ¤£ğŸ’ª'
528,1,'@mtaibbi ğŸ¤£'
529,1,'@ARodTV Definitely closer to citizen journalism â€“ local news orgs are under-appreciated &amp; should get way more prominence on Twitter'
530,0,'@sandyleevincent Nobody bats 1000 ğŸ¤·\u200dâ™‚ï¸'
531,1,'A beautiful thing about Twitter is how it empowers citizen journalism â€“ people are able to disseminate news without an establishment bias'
532,1,'@teslaownersSV Iâ€™m a big fan of citizen journalism!'
533,0,'â€œAccording to unnamed sources close to the matter who wish to remain anonymousâ€ ğŸ¤£ğŸ¤£'
534,0,"'â€œThe New York Times has emerged as a new, chaotic actor in global politics. The paperâ€™s interventions in some of the worldâ€™s most combustible conflicts have sometimes been a boon, but their messaging has also caused problems.â€'"
535,1,'@dontreadonmeow @nytimes ğŸ¤£ğŸ”¥'
536,1,'@PPathole @Twitter Yes!'
537,1,'@westcoastbill 30% is a lot'
538,1,'@eldsjal Concerning'
539,1,'Works on any moving land object https://t.co/Xu4qKJW4D9'
540,1,'@chazman @lexfridman Fasting rocks'
541,1,'@VitalikButerin @balajis @zengjiajun_eth Had to do a double-take. This is the first non-fake Vitalik tweet Iâ€™ve seen in a while.'
542,1,'@dogeofficialceo @DirtyTesLa @rocobasilisk @SwipeWright ğŸ’¯'
543,1,'@garyblack00 @SawyerMerritt One manâ€™s hedge is another manâ€™s shrub'
544,1,'@muskQu0tes Yup'
545,1,'@emollick True'
546,1,'@elon_wisdom Too much respect for authority inhibits innovation'
547,1,'@DirtyTesLa @rocobasilisk @SwipeWright ğŸ’ª'
548,1,'@stevenmarkryan @EmmetPeppers @heydave7 @TwitterSpaces @YouTube ğŸ˜‰'
549,1,'What lesson took you the longest to unlearn?'
550,1,'Î´Î¹Î±Î»ÎµÎºÏ„Î¹ÎºÎ®'
551,1,"'@SwipeWright Twitter should be as broadly inclusive as possible, serving as a fair forum for lively, even if occasionally rancorous, debate between widely divergent beliefs.'"
552,1,'@MuskUniversity Absolutely necessary'
553,1,'@DavidSacks @MarcBodnick !'
554,1,'@realchrisrufo @MaxBoot ğŸ¤£ğŸ¤£'
555,1,'@MuskUniversity Important'
556,1,'@MuskUniversity Yup'
557,1,'@DavidSacks Exactly!'
558,0,'@SawyerMerritt ğŸ¤£'
559,1,"'@VinnyLingham Yeah, doesnâ€™t make sense'"
560,1,'@MuskUniversity Good thread'
561,1,'@RenataKonkoly @spideycyp_155 @SquawkCNBC @Kasparov63 I only play crazy 9â€™s'
562,1,"'@MarcusHouse @LordofEa @kerrikgray @chicago_glenn @Tesla @teslaownersSV @dvorahfr @TonyadeVitti @SpaceX @SirineAti Thatâ€™s the plan, unless it is damaged in testing. What really matters is that ship &amp; booster production line is spooling up. Also, each new ship &amp; booster has incremental design improvements.'"
563,1,"'@ChananBos @SquawkCNBC @Kasparov63 Yeah, Iâ€™m back to spare bedroom /couch surfing at friendâ€™s houses in Silicon Valley, which I did for about a decade.\n\nFrankly, I like it this way, as I get to see my friends, who I love, more often.'"
564,1,"'@spideycyp_155 @SquawkCNBC @Kasparov63 I did as a child, but found it to be too simple to be useful in real life: a mere 8 by 8 grid, no fog of war, no technology tree, no random map or spawn position, only 2 players, both sides exact same pieces, etc.\n\nPolytopia addresses these limitations.'"
565,0,"'@SquawkCNBC @Kasparov63 And I donâ€™t even own a house, let alone a â€œmansionâ€, you douche'"
566,1,"'@SquawkCNBC @Kasparov63 While itâ€™s true that Kasparov is almost as good at playing chess as my iPhone, he is otherwise an idiot'"
567,1,'@spideycyp_155 @Teslarati @Writer_01001101 @FedorovMykhailo Yes'
568,1,'@dogeofficialceo @gunsnrosesgirl3 @DolphinDroneDom ğŸ¤£'
569,1,'@gunsnrosesgirl3 @DolphinDroneDom How exciting to be alive at the same time as the largest animal ever! \n\nWild that Blue whales are bigger than the biggest dinosaur.'
570,1,'@FedorovMykhailo @Teslarati @Writer_01001101 Youâ€™re most welcome'
571,1,"'@Teslarati @Writer_01001101 Before DoD even came back with an answer, I told @FedorovMykhailo that SpaceX would not turn off Starlink even if DoD refused to provide funding'"
572,1,'@LordofEa @kerrikgray @chicago_glenn @Tesla @teslaownersSV @dvorahfr @TonyadeVitti @SpaceX @SirineAti Absolutely!'
573,1,'@SKMorefield Interesting'
574,1,'@pcgamer Great game'
575,1,"'Maybe it was a social media algorithm, not even people'"
576,0,'Think about who might have decided â€œThe Current Thingâ€ before accepting it'
577,1,'Who decides â€œThe Current Thing?â€\nReal question. I donâ€™t know.'
578,0,'@andst7 Exactly. WaPo are such hypocrites.'
579,1,'Neuralink show &amp; tell now on Nov 30'
580,1,'@muskQu0tes @SpaceX Had to be done'
581,1,'@Gfilche @MartinViecha Weâ€™ve come a long way'
582,1,'i know\n|nothing|\nis forever'
583,1,'@BillyM2k @sakitechonline @DavidSacks ğŸ¤£ğŸ’ª'
584,1,'@michaelmalice @washingtonpost Good point ğŸ¤”'
585,1,'@MuskUniversity This needs to change. Manufacturing is awesome!'
586,1,'@muskQu0tes It will happen'
587,1,'@DavidSacks @TheAtlantic @davidfrum @EliotACohen Hear! Hear!'
588,0,'@ruthbenghiat Why are you perpetuating propaganda concocted by the oil &amp; gas industry to distract you from the 6 trillion dollars per *year* of subsidies those companies receive?\nhttps://t.co/XZxDJAPE9a'
589,1,'@xuanyiman @stillgray @DavidSacks ğŸ˜‹'
590,1,"'@stillgray @DavidSacks Switzerland &amp; Belgium have great chocolate, but I do also love eccentric British &amp; Irish artisanal sweet shops'"
591,0,'@PhreshNic @MedvedevRussiaE @trussliz ğŸ¤£'
592,1,'@DavidSacks Good thread'
593,1,"'@teslaownersSV Next week. Itâ€™s actually a major release, so a lot more internal testing is needed before going to public beta.'"
594,0,'@BillyM2k @DavidSacks ğŸ¤£ğŸ’¯'
595,1,'@ksadjadpour Cool'
596,0,'@DavidSacks ğŸ¤£ğŸ¤£ \n\nAlthough there could be more R&amp;D in candy tbh. Feels like there hasnâ€™t been much improvement in decades.'
597,0,'@justindross ğŸ¤£'
598,1,"'@WholeMarsBlog Headline is misleading. Starlink can obviously offer far more robust positioning than GPS, as it will have ~1000X more satellites over time. \n\nNot all will have line of sight to users, but still &gt;10X GPS &amp; far stronger signal.\n\nJust not todayâ€™s problem.'"
599,1,'@eigenrobot One of my favorite conspiracy theories is that the world is actually 80% men'
600,1,'@ChessProblem un ass ailable logic!'
601,1,'@teslaownersSV Yes'
602,0,'@LifeboatHQ https://t.co/j4ZHlazoPa'
603,1,"'@LifeboatHQ Youâ€™re right. Eventually, we all run out of time. https://t.co/GyXk9uZLIW'"
604,1,"'Only Giga Berlin can make these colors, as paint shop was specially built to apply many fine layers of paint, giving it complexity not otherwise possible https://t.co/Htis0LfRzV'"
605,1,"'@teslaownersSV @BillyM2k Varies a lot. Tesla &amp; SpaceX are in good positions, but many other companies are not. \n\nRecessions do have a silver lining in that companies that shouldnâ€™t exist stop existing.'"
606,0,"'@RenataKonkoly @ThorstenBasch @spideycyp_155 @BillyM2k Those who want Putin removed are laboring under the misapprehension that whoever replaces him will be more amenable to peace or western philosophy, but I think this is unlikely â€“ the Kremlin is not the Nice Guy Olympics'"
607,0,"'@ThorstenBasch @spideycyp_155 @BillyM2k Russia overrunning Ukraine would destabilize the entire region, perhaps the world'"
608,0,"'@spideycyp_155 @BillyM2k If Russia faced calamitous defeat in conventional warfare for something as strategically critical as Crimea, the probability of using nuclear weapons is high'"
609,1,'@jamesplloyd @SpaceX I do. Yes.'
610,0,"'@spideycyp_155 @BillyM2k Still very unlikely, but this is the closest weâ€™ve been since Cuba in â€˜62'"
611,1,"'@teslaownersSV @BillyM2k Just guessing, but probably until spring of â€˜24'"
612,0,'@BillyM2k It sure would be nice to have one year without a horrible global event'
613,1,'@AndrewPerpetua â€œBrutal for both sidesâ€ will be a common phrase in the months to come'
614,0,'https://t.co/WqGm6InNTp'
615,0,'@bgarlinghouse No way'
616,1,'@SamitoFPS Maybe'
617,1,'@NewsfromScience Certainly warrants closer scrutiny'
618,1,'@NikLentz @JenniferJJacobs @SalehaMohsin @BloombergTV ğŸ’¯ğŸ¤£'
619,1,"'@MedvedevRussiaE @trussliz Btw, howâ€™s it going in Bakhmut?'"
620,1,'@MedvedevRussiaE @trussliz Pretty good troll tbh'
621,1,'@Alan_McGuinness *humour'
622,1,'@ilyasut I couldnâ€™t agree more ğŸ˜œ'
623,1,'@Alan_McGuinness British humor is the best'
624,1,'@PPathole @EvaFoxU @DavidSacks Compromise is overwhelmingly the most likely outcome â€“ just a question of how much death &amp; destruction happens before then'
625,1,'@gaborgurbacs @EvaFoxU @DavidSacks That should be the nature of the debate'
626,0,"'@EvaFoxU @DavidSacks Most probable outcome by far is a horrible war of attrition that destroys Ukraine &amp; severely damages Russia, with massive body count on both sides.\n\nAnd, in the end, the same outcome. \n\nSo why?'"
627,1,'@DavidSacks Exactly'
628,1,'Congrats to @SpaceX team on 48th launch this year! Falcon 9 now holds record for most launches of a single vehicle type in a year.'
629,1,'@SpaceX ğŸ¯'
630,1,'@romanhelmetguy ğŸ’ª'
631,1,'@Neuro_Skeptic Same'
632,1,'@marenkahnert @jasondebolt Exactly'
633,1,"'@Teslarati @13ericralph31 SpaceX has more active satellites in orbit than rest of Earth combined, tracking to double rest of Earth soon'"
634,1,"'@jasondebolt The media reports with great fanfare my predictions that are late, but rarely those that come early'"
635,1,'@jakebrowatzke @andyjayhawk ğŸ¤£'
636,1,'@Teslarati @JohnnaCrider1 Accelerating sustainable energy is our primary mission'
637,1,"'@westcoastbill Will require truly exceptional execution, but it is possible'"
638,1,"'I will not let you down, no matter what it takes'"
639,1,'@DirtyTesLa Awesome'
640,1,"'We even did a Starlink video call on one airplane aloft to Starlink on another, far away, airplane aloft and it worked perfectly with no lag!'"
641,1,'Vox Populi Vox Dei'
642,0,"'@chazman @aelluswamy Several major architectural upgrades in 10.69.3, so itâ€™s much more than a point release, but weâ€™re sticking with 10.69 just cause haha'"
643,1,'@BillyM2k @atrupar Sounds fair'
644,1,'@BillyM2k Definitely giving me kid naming ideas ğŸ¤£'
645,1,'And â€¦ sold out!'
646,1,'Internet in airplanes will feel same as if you were accessing Internet at home! https://t.co/Mfl2ixYnJH'
647,1,"'28,700 bottles of exquisite Burnt Hair perfume already sold! \n\nOnly 1,300 left of this unique, limited edition, collectorâ€™s item. https://t.co/Gh2Zg7B5qX'"
648,1,'@cb_doge @alex_avoigt Weâ€™re working on it. Hope to release something next week.'
649,0,"'@alex_avoigt No money from DoD, but several other countries, orgs &amp; individuals are paying for ~11k/25k terminals (thanks!).\n\nSpaceX is losing ~$20M/month due to unpaid service &amp; costs related to enhanced security measures for cyberwar defense, but weâ€™ll keep doing it (sigh).'"
650,1,'@atrupar Smart? Maybe. \nDoes dumb stuff? Definitely!'
651,1,'@balajis True'
652,0,'@HassanNatha https://t.co/jxA4stwf1d'
653,0,'@TonyadeVitti ğŸ¤£'
654,1,'@520AlRihla Exactly'
655,0,'@tesla4k ğŸ¤£'
656,0,"'@larryronaldpar1 Should I make weapons? Ideally, not.'"
657,1,'@TeslaHype An easy prediction'
658,0,'Drone War I\nhttps://t.co/erVME0CbbN'
659,0,'@FLVoiceNews https://t.co/CCaYpontFG'
660,1,'@teslaownersSV (Actually) Smart Summon is almost done'
661,1,'@Teslaconomics Yes'
662,1,'@stoolpresidente I have a plan'
663,1,'@TeslaAIBot @SpaceX @Tesla Thanks Optimus :)'
664,1,"'@SawyerMerritt @SpaceX To be precise, 25,300 terminals were sent to Ukraine, but, at present, only 10,630 are paying for service'"
665,1,'@SawyerMerritt @SpaceX SpaceX has already withdrawn its request for funding'
666,0,"'@starrski71 @RenataKonkoly @EvaFoxU @kadubai11 @spideycyp_155 Wrong analogy. America also had a humiliating withdrawal from Afghanistan. No one in America sees that country as part of America.\n\nCrimea *is* seen as a crucial part of Russia by Russia, much as Hawaii is seen as a crucial part of America.'"
667,1,'@EnjoyerFive ğŸ¯ğŸ¤£'
668,0,'@PPathole @spideycyp_155 Probably not'
669,1,'@zerohedge Practice makes perfect â€¦'
670,0,"'@RenataKonkoly @EvaFoxU @kadubai11 @spideycyp_155 Russia has been punched in the nose and forced to retreat many times by Ukraine. \n\nBut what you donâ€™t want to do is give Russia a choice of total, humiliating defeat or nukes â€“ then the probability of them using nukes is high.'"
671,0,"'@kadubai11 @spideycyp_155 Obviously many disagree with this logic, but what do they think is their probability of being wrong about WW3. \n\nIf they say 0%, they are utterly dangerous fools.'"
672,0,"'@kadubai11 @spideycyp_155 But, hey, look on the bright side! At least Russia doesnâ€™t get Crimea in that scenario, so you can be comforted by that thought, while watching the mushroom clouds rise.'"
673,0,"'@kadubai11 @spideycyp_155 If Russia faces destruction of their army and utter defeat by NATO, they will use nukes, then NATO will respond with nukes and civilization is over'"
674,0,"'@spideycyp_155 Whether one likes it or not, Crimea is absolutely seen as a core part of Russia by Russia. \n\nCrimea is also of critical national security importance to Russia, as it is their southern navy base.\n\nFrom their standpoint losing Crimea is like USA losing Hawaii &amp; Pearl Harbor.'"
675,1,'@hyiki22 @spideycyp_155 Exactly'
676,0,"'@spideycyp_155 If Russia is faced with the choice of losing Crimea or using battlefield nukes, they will choose the latter.\n\nWeâ€™ve already sanctioned/cutoff Russia in every possible way, so what more do they have left to lose? \n\nIf we nuke Russia back, they will nuke us and then we have WW3.'"
677,1,'Exceptionally well-said https://t.co/UT8fXG0MeF'
678,1,"'@rhensing @keith_dorschner @teslaownersSV Standard (non-performance) 3 &amp; Y suspension in production now has improved comfort, without affecting handling'"
679,1,"'@DrKnowItAll16 @pirate3Guy @HSerunjogi Yeah, RV version is lower priority than standard version. \n\nYou should still see high speeds during off hours. Is that happening?\n\nAs we add more satellites &amp; upgrade satellite technology, speeds in high user density locations should see significant increases.'"
680,1,"'Ok, we will add a donate option to Starlink'"
681,1,"'@pirate3Guy @HSerunjogi Thatâ€™s oddly low. Normally, much higher.'"
682,1,'Are there others that want to donate Starlinks to places in need? https://t.co/M0ASMenMRD'
683,1,'@HSerunjogi Ok'
684,1,'@DogecoinNorway @moxie @ID_AA_Carmack ğŸ¤£ thatâ€™s happened to me many times'
685,1,'@moxie @ID_AA_Carmack A much quieter leaf blower is possible'
686,1,"'@teslaownersSV This is harder than it sounds, but ok'"
687,1,'Deus X Machina'
688,1,"'@ChrisG_NSF We are proceeding very carefully. If there is a RUD on the pad, Starship progress will be set back by ~6 months.'"
689,0,'@Rainmaker1973 Game over when (not if) Earth gets hit by an object of that size'
690,1,'@N_Schmid Ramen &gt;&gt; Lambos'
691,1,'@Rainmaker1973 Used a lot in rocketry'
692,1,'So true https://t.co/PwmxUVU2Fc'
693,1,'@Rainmaker1973 Every millipede has its millennia'
694,1,'@HardcoreHistory We should bring back their outfits'
695,1,'@karpathy Good thread'
696,1,'Fancy a game of meme tennis? https://t.co/d9tqIlg7nB'
697,0,'Buy Burnt Hair from a company that digs holes!'
698,0,'@chicago_glenn I read this as goth clowns lonely'
699,0,'Did you hear about the dyslexic KBG agent â€“ itâ€™s pot secret!'
700,0,'@utamadush ğŸ¤£'
701,1,"'Venn diagram intersection of those two audiences is pretty small, I guess'"
702,0,'Not as popular as Iâ€™d hoped (sigh)'
703,1,'Pitching my idea once again for a crossover of Das Boot &amp; Boss Baby.\n\nâ€œDas Babyâ€ â€“ Hijinks on the high seas! https://t.co/FieRmSthp2'
704,1,"'@teslaownersSV @oldmordim Just a scratch, we can buff it out'"
705,1,'@oldmordim Mostly accurate'
706,0,'The comments in this thread are a conspiracy theoristâ€™s wet dream'
707,1,'@EvaFoxU Yup'
708,1,'@EvaFoxU 7 years ago'
709,1,'@FutureJurvetson @SpaceX Definitely one of the strangest meetings Iâ€™ve ever experienced. @adeoressi was there too.'
710,0,'@KimDotcom @Twitter Iâ€™m trying my hardest to de-escalate this situation and obviously failing'
711,0,"'@KimDotcom @Twitter Damned if you do, damned if you donâ€™t, so â€¦ guess Iâ€™m just damned'"
712,1,"'@SawyerMerritt Starship &amp; next-gen Starlink satellites are key, but much risk lies ahead before those are working at scale'"
713,1,'@RaheemKassam The hilarious thing is youâ€™re not wrong ğŸ¤£'
714,1,'@EvaFoxU So it goes â€¦'
715,1,'@gainzy222 Fate loves irony'
716,1,"'@DavidSacks Even so, we should still do good deeds'"
717,0,"'The hell with it â€¦ even though Starlink is still losing money &amp; other companies are getting billions of taxpayer $, weâ€™ll just keep funding Ukraine govt for free'"
718,0,"'@Brian_J_Berger That dude is not just a â€œcondition of anonymityâ€ spineless coward, heâ€™s also an ignorant fool. Starlink was directly requested by the Ukraine government, as it was the only thing that worked.'"
719,1,"'@spideycyp_155 @PPathole @ashleevance It has required a lot of our resources. Going into super lockdown mode slows down new development progress, as we have to resist attacks from a sophisticated adversary actively at war.'"
720,1,"'@ashleevance DoD provided about 3% of the Falcon 1 development cost. Appreciated, certainly, but should be seen in context.'"
721,0,'@PPathole @ashleevance Of course. And their signal jamming systems are also getting better.'
722,1,"'@ashleevance The amount SpaceX is requesting for a major battlefield advantage is less than the cost of one new GPS satellite. Ironically, GPS doesnâ€™t work on battlefields, as the signal is easy to jam, but Starlink does.'"
723,0,"'@ajtourville Would be great if someday humanity stopped pointing nukes at itself that would destroy almost all life on Earth.\n\nIn any given year, there is a chance above zero that they will be launched. We are now at the highest risk in 60 years.\n\nhttps://t.co/hSqNeYHNX1'"
724,0,"'@WholeMarsBlog Curses, foiled again!'"
725,0,'@rich_teer @ajtourville ğŸ˜‰'
726,1,'@mtaibbi Accurate'
727,0,"'@ajtourville Russia has the ability to destroy USA &amp; Europe utterly with nuclear missiles in less than 30 minutes &amp; vice versa.\n\nA surprising number of people donâ€™t know this.\n\nOf course, it would be MAD to use them, but it is also MAD to be in this situation at all.'"
728,1,'@nichegamer This has potential'
729,1,"'@rschmied @spideycyp_155 @SawyerMerritt @SpaceX Internet fiber, phone lines, cell towers &amp; other space-based comms in war areas have been destroyed. \n\nStarlink is all thatâ€™s left. For now.\n\nhttps://t.co/CdjbOWgziz'"
730,1,'@FedorovMykhailo Thank you for clarifying this ğŸ’™ğŸ‡ºğŸ‡¦ğŸ’›'
731,1,"'@StonksReddit @rschmied @spideycyp_155 @SawyerMerritt @SpaceX Starlink is the primary communications system of the Ukrainian army on the war front. If anyone else wants this job, please be my guest â€¦'"
732,0,"'@rschmied @spideycyp_155 @SawyerMerritt @SpaceX Big difference between peace comms vs warfront comms. \n\nStarlink is only comms system still working at warfront â€“ others all dead. \n\nRussia is actively trying to kill Starlink. To safeguard, SpaceX has diverted massive resources towards defense.\n\nEven so, Starlink may still die.'"
733,0,'@EvaFoxU @Nobody_Really7 @EvaKBartlett Concerning'
734,0,'@EvaFoxU @Nobody_Really7 @EvaKBartlett https://t.co/XTWjF4lv9o'
735,1,'@stillgray Are there citizens of nations who are helping Ukraine on this list?'
736,0,"'@ajtourville But surely no reasonable person would launch nuclear war?\n\nThe problem with that logic is if we were dealing with reasonable people, we wouldnâ€™t have war in the first place.'"
737,1,'@EvaKBartlett Is this list real? Whatâ€™s the URL?'
738,1,'@Rainmaker1973 People should never fear turbulence. Commercial airliner wings can handle insane amounts of bending.'
739,1,'@mtaibbi The right question to ask'
740,1,'@officejjsmart @MelnykAndrij Weâ€™re just following his recommendation ğŸ¤·\u200dâ™‚ï¸'
741,1,"'@narutium @SawyerMerritt Falcon can probably get Starlink past breakeven, but Starship is needed to fund Mars'"
742,1,'@TeslaOwnersEBay @SawyerMerritt @SpaceX Yes'
743,1,"'@spideycyp_155 @SawyerMerritt @SpaceX In addition to terminals, we have to create, launch, maintain &amp; replenish satellites &amp; ground stations &amp; pay telcos for access to Internet via gateways. \n\nWeâ€™ve also had to defend against cyberattacks &amp; jamming, which are getting harder.\n\nBurn is approaching ~$20M/month.'"
744,0,"'@SawyerMerritt Also, Starlink is still losing money! It is insanely difficult for a LEO communications constellation to avoid bankruptcy â€“ that was the fate of every company that tried this before.\n\nWhen asked what the goal of Starlink was at a space conference, I said â€œnot go bankruptâ€.'"
745,0,'@BogusThought @SawyerMerritt @rfdctr Maybe the ğŸˆ got their ğŸ‘…'
746,1,'@spideycyp_155 @SawyerMerritt @rfdctr @SpaceX Very few in Iran so far'
747,0,"'@SawyerMerritt Strange that nothing was leaked about our competitors in space launch &amp; communications, Lockheed &amp; Boeing, who get over $60B â€¦\n\nWouldnâ€™t be surprised to find this particular individual working there when he retires from DoD. Corruption at its finest.'"
748,0,"'@SawyerMerritt @rfdctr SpaceX is not asking to recoup past expenses, but also cannot fund the existing system indefinitely *and* send several thousand more terminals that have data usage up to 100X greater than typical households. This is unreasonable.'"
749,1,'@MuskUniversity Vital to the future of consciousness'
750,0,'@andst7 ğŸ¤£'
751,1,'@BogusThought srsly'
752,1,'@teslaownersSV @JohnnaCrider1 Next week'
753,0,'@JohnnaCrider1 Envy has driven him to madness'
754,1,"'@leehumerian Starlink requires nothing except ~50 Watt power source. With a small solar system plus battery or a generator, you will have connectivity anywhere.'"
755,1,'@OwenSparks_ @spideycyp_155 @FedorovMykhailo @SpaceX True'
756,1,'@spideycyp_155 @FedorovMykhailo @SpaceX There are some active terminals'
757,0,"'@spideycyp_155 @FedorovMykhailo @SpaceX Of course, this happens almost every day. They successfully destroyed Viasat in Ukraine several months ago. https://t.co/xrrAMqfsZY'"
758,0,"'@spideycyp_155 @FedorovMykhailo @SpaceX Starlink has faced relentless jamming attacks &amp; SpaceX relentless cyberwar. So far, their success has been limited.'"
759,1,'@KoguanLeo Noted'
760,1,'@FedorovMykhailo Starlink data usage growth in Ukraine https://t.co/c4IWNwKwLR'
761,0,'@RobLockwood @JeffBezos https://t.co/1EwWyqvwkr'
762,1,"'20,000!!'"
763,1,'@RGVaerialphotos Cool'
764,0,'@ByeonChansoo @garyblack00 Maybe with .3'
765,1,'This is real'
766,0,'https://t.co/WLVh5zBiO5'
767,1,"'@Teslarati @JohnnaCrider1 ğŸ¯ â€œMy opinion is Burnt Hair is just Elon saying, chill out, have a laugh, and share a laugh.â€'"
768,0,'@WholeMarsBlog Oh the irony ğŸ¤£ğŸ¤£'
769,1,"'We might need a different name, as this is basically just Starlink with roaming capability, so you can take your terminal anywhere. https://t.co/gnH0YPPVOS'"
770,1,'@teslaownersSV The counter-intuitive thing is that itâ€™s actually gonna be a sick product!'
771,1,"'Please buy my perfume, so I can buy Twitter'"
772,1,'And right on cue ğŸ¤£ğŸ¤£ â€¦ https://t.co/RysKrHeJfi'
773,1,'@FedorovMykhailo Youâ€™re most welcome. Glad to support Ukraine.'
774,1,'Doesnâ€™t get more lit than this!'
775,1,'BE the change you want in the world!'
776,1,'Canâ€™t wait for media stories tomorrow about $1M of Burnt Hair sold ğŸ¤£'
777,1,"'10,000 bottles of Burnt Hair sold!'"
778,0,'@Kristennetten ğŸ’¯ğŸ¯'
779,1,'Over 5000 bottles of Burnt Hair sold!'
780,1,'An omnigender product'
781,0,'https://t.co/WDtHXqgUPx'
782,1,"'With a name like mine, getting into the fragrance business was inevitable â€“ why did I even fight it for so long!?'"
783,1,'And you can pay with Doge!'
784,1,'The finest fragrance on Earth!\nhttps://t.co/ohjWxNX5ZC https://t.co/0J1lmREOBS'
785,0,'@ianbremmer Nobody should trust Bremmer'
786,1,'Maybe one day we can finally achieve https://t.co/jKBu2wJIDA'
787,1,'The next question one is typically asked is â€œHave you tried ayahuasca?â€\nhttps://t.co/zo3Lw6nlxw'
788,0,'https://t.co/Q31B9x4RCH'
789,0,'@JoshuaPGallaway @Susiecmd @CYBERTRCK @LindseyGrahamSC Not subtle'
790,0,"'@SamHarrisOrg @tegmark Sam, there is a such a thing as meditating too much'"
791,1,"'@teslaownersSV @PPathole @NorthmanTrader Yes, back to regularly scheduled programming'"
792,0,"'@PPathole @NorthmanTrader Pointless, as there is currently no overlap between Russian and Ukrainian demands â€“ itâ€™s not even close'"
793,0,"'@NorthmanTrader No, it is not. I have spoken to Putin only once and that was about 18 months ago. The subject matter was space.'"
794,0,"'@kanyewest Talked to ye today &amp; expressed my concerns about his recent tweet, which I think he took to heart'"
795,1,'@Teslarati @JohnnaCrider1 It was built &amp; paid for at my request. Hunter &amp; team did great work.'
796,0,'@CathieDWood ğŸ’¯'
797,1,'@WholeMarsBlog It will'
798,0,'@chicago_glenn @neiltyson Strange @Twitter'
799,1,"'@WholeMarsBlog I have no desire to become involved in wars, but it is safe to say that all bets are off if the nukes start flying'"
800,0,'@Teslarati Strong candidate to win most counter-intuitive product of the year!'
801,1,'@MuskUniversity Important to bear in mind when reading anything'
802,1,"'@neiltyson Indeed, that kinetic energy scales with the square of velocity is not well-appreciated!\n\nA sealed escape pod with a heat shield would probably work.'"
803,0,'@lexfridman So many blind spots'
804,0,'@EPavlic @boringcompany ğŸ¯'
805,1,"'@spideycyp_155 @EvaFoxU There are ~25k terminals in Ukraine, but each terminal can be used to provide an Internet uplink to a cell phone tower, so potentially several thousand people can be served by a single terminal'"
806,1,'Coming soon from The @BoringCompany https://t.co/cNIbFRRXyt'
807,1,"'@Scobleizer Yup, it will float'"
808,1,'@spideycyp_155 @MirrorinSpace @NASAEarthMars Too busy trying to survive at the time'
809,1,'@MirrorinSpace @NASAEarthMars They were invited to further their career elsewhere'
810,1,'@ace_constantine @NASAEarthMars There is a giant 30ft (literal) fork in the road outside the Autopilot office in Palo Alto'
811,1,'@SirineAti @NASAEarthMars Mine'
812,1,'@ace_constantine @NASAEarthMars I love the inverse poetry of making metaphors literal'
813,1,"'@NASAEarthMars That is quite an interesting story. We sent what appeared to be identical emails to all, but each was actually coded with either one or two spaces between sentences, forming a binary signature that identified the leaker.'"
814,0,'Because it runs recursively'
815,0,'@tegmark Nuclear war probability is rising rapidly'
816,1,'An eye for an eye leaves everyone blind https://t.co/pQztPvR4uI'
817,1,'@EvaFoxU Perhaps we can talk again today?'
818,1,"'@spideycyp_155 @EvaFoxU True, Starlink provided a decisive battlefield advantage'"
819,1,'@EvaFoxU Iâ€™ve been up all night trying to think of any possible way to de-escalate this war'
820,1,'@EvaFoxU Feels so long ago. A pleasant memory :)'
821,0,'https://t.co/VvGa39qAyE'
822,1,'@NASASpaceflight Double-header'
823,1,'@davidmarcus @PayPal Agreed'
824,1,'@Rainmaker1973 Beautiful'
825,0,'@andst7 ğŸ’¯'
826,1,"'@kanyewest Welcome back to Twitter, my friend!'"
827,0,'@muskQu0tes ğŸ’¯'
828,0,"'@wintonARK Dojo uses bf16, so actual performance difference vs 64 bit is much less than it would seem, since you truncate so many useless zeroes &amp; round from there'"
829,1,'@sashayanshin ğŸ¤£'
830,1,'@SirineAti @SpaceX Two Dragons on @Space_Station'
831,1,'@Teslarati @ajtourville @JohnnaCrider1 Canâ€™t wait to see this beast in action!'
832,1,'@WholeMarsBlog Even better build coming next week'
833,1,"'@dogeofficialceo @spideycyp_155 @SawyerMerritt @ChristopherJM @FT @MehulAtLarge @felschwartz Quite a few. Trying to do the right thing, which is not always clear.'"
834,1,'@spideycyp_155 @SawyerMerritt @ChristopherJM @FT @MehulAtLarge @felschwartz I am in regular contact with Fedorov'
835,0,"'@ChristopherJM @FT @MehulAtLarge @felschwartz Bad reporting by FT. This article falsely claims that Starlink terminals &amp; service were paid for, when only a small percentage have been. \n\nThis operation has cost SpaceX $80M &amp; will exceed $100M by end of year.\n\nAs for whatâ€™s happening on the battlefield, thatâ€™s classified.'"
836,1,'@skorusARK Starlink will provide the vast majority of bandwidth from space'
837,1,'@RGVaerialphotos Youâ€™d need an electric propeller mounted on the tow hitch to go faster than a few knots. \n\nThere might a creative wheel hub design that can generate meaningful thrust.'
838,0,'@EvaFoxU Norway rocks! â™¥ï¸â™¥ï¸ ğŸ‡³ğŸ‡´ ğŸ‡³ğŸ‡´'
839,1,'In case you missed Tesla AI Day 2022\nhttps://t.co/Sbu0peXpY1'
840,1,'@skorusARK Satellite constellation capability comes down to tonnage to orbit per year times capability per ton'
841,1,'SpaceX Dragon docking with @Space_Station (extended video) https://t.co/AFBDKHddgI'
842,1,'@Teslaconomics Very intense 7 days indeed'
843,0,'@alifarhat79 @NotParagAgrawal ğŸ¤£'
844,0,'@BillyM2k ğŸ¤£ğŸ’¯'
845,1,"'@stevenmarkryan @nichegamer @Twitter Personally, I like the latter, but to each their own'"
846,1,'@stevenmarkryan @nichegamer @Twitter I think being able to dial the content you see from â€œwarm &amp; fuzzyâ€ all the way to â€œbring it on mf!â€ is the way to go'
847,1,"'@nichegamer @Twitter Software engineering, server operations &amp; design will rule the roost'"
848,1,'@nichegamer @Twitter There will be very rapid product evolution'
849,1,'500 mile range &amp; super fun to drive'
850,1,'Excited to announce start of production of Tesla Semi Truck with deliveries to @Pepsi on Dec 1st! https://t.co/gq0l73iGRW'
851,0,"'@NASASpaceflight Tiny helium leak (just barely triggered abort), but we take no risks with customer satellites. Standing down to investigate.'"
852,0,'@KyivIndependent ğŸ¤”'
853,1,'@BillyM2k Agreed'
854,0,'@POTUS ğŸ‘'
855,1,'@Teslarati @JohnnaCrider1 Plot twist!'
856,1,'@cb_doge Elon liking his own tweets liking his own tweets â€¦'
857,1,'@SpaceX Dragon is now docked to @Space_Station'
858,1,'Video https://t.co/9gUJv2V143'
859,1,'Starlink view of 2nd stage deorbit burn https://t.co/kbLv95bAK7'
860,0,'@realAdrianDa32 @HuXijin_GT ğŸ‘ğŸ¤£'
861,0,'@HuXijin_GT æ‰‹æ•´ä½“æ’åœ¨å£è¢‹é‡Œçš„äººè¿‡åˆ†è‡ªä¿¡'
862,1,'@Xu0P5C4rMmMKUdu @stillgray @atrupar @LindseyGrahamSC I will try my best'
863,1,"'@KyivPost Iâ€™m a big fan of Ukraine, but not of WW3'"
864,0,'@spideycyp_155 @garyblack00 ğŸ¤£'
865,0,'@garyblack00 https://t.co/FxgYMhTax6'
866,1,'@Rainmaker1973 Cute. You can get surprisingly close to a wild baby rhino &amp; Mom if you stay downwind.'
867,0,'@stillgray @atrupar @LindseyGrahamSC There are no angels in war.'
868,1,'@EliClifton @DavidSacks Accurate assessment'
869,1,'@garyblack00 Correct'
870,0,"'@stevenmarkryan So theyâ€™re saying that not buying Twitter is bad, but also buying Twitter is bad!?'"
871,1,'@LucidTrading_ @DavidSacks We talked via videoconference last year'
872,0,'@DavidSacks ğŸ¤£'
873,0,'War is the ultimate Supreme Court'
874,0,'@bdquinn @LindseyGrahamSC Kherson and Zaporizhzhia almost certainly do not want to join Russia â€“ annexation of those regions was done to ensure a land bridge and water supply to Crimea'
875,0,"'@LindseyGrahamSC Obviously, not everyone who voted for the pro-Russia party wanted to join Russia, but it would also be inaccurate to say that none did.'"
876,1,'@LindseyGrahamSC Below is the electoral map of 2012. Blue is the pro-Russia party. https://t.co/YkZ9hipyAV'
877,1,"'@LindseyGrahamSC Assuming you believe that the will of the people matters, we should, in any given conflict region, support the will of those who live there. \n\nMost of Ukraine unequivocally wants to be part of Ukraine, but some eastern portions have Russian majorities and prefer Russia.'"
878,0,"'@LindseyGrahamSC First of all, Tesla hasnâ€™t had that consumer tax credit for years &amp; we didnâ€™t ask for this one â€“ GM &amp; Ford did'"
879,0,'@LangmanVince @LindseyGrahamSC ğŸ¤£'
880,1,"'Another batch of Starlinks in orbit, 7 hours after the astronaut launch https://t.co/mQshEY16RP'"
881,1,'@ashleevance That wouldnâ€™t be hard to do'
882,0,'@BillyM2k ğŸ¤£'
883,1,'@TEDchris Twitter is an accelerant to fulfilling the original https://t.co/bOUOek5Cvy vision'
884,0,"'@KonstantinKisin I do not think it is simple at all, but I have yet to hear any realistic path to peace.\n\nUkraine has achieved many brilliant tactical victories, but should be wary of overconfidence leading to strategic defeat.\n\nWhen Russia fully mobilizes, millions on both sides will die.'"
885,1,'@WholeMarsBlog 10.69.3 will actually be a major upgrade. Weâ€™re keeping .69 just because haha.'
886,1,"'@LarckeningXuruo Twitter probably accelerates X by 3 to 5 years, but I could be wrong'"
887,1,"'Buying Twitter is an accelerant to creating X, the everything app'"
888,0,'@BillyM2k @unusual_whales ğŸ¤£'
889,1,"'@SawyerMerritt Should be noted that Starlink is still far from cash flow positive. All LEO communications constellations to date have gone bankrupt, so any support is super helpful.'"
890,0,"'@FrenchyRagin @Kasparov63 A small number of terminals were paid for by the govt, vast majority were not. This is just another bs WaPo hit piece.'"
891,1,"'@ZelenskyyUa I still very much support Ukraine, but am convinced that massive escalation of the war will cause great harm to Ukraine and possibly the world.'"
892,1,"'@Kasparov63 We gave Starlinks to Ukraine &amp; lost $80M+ in doing so, while putting SpaceX &amp; myself at serious risk of Russian cyberattack.\n\nWhat have you done besides tweet?'"
893,1,"'@DavidSacks SpaceXâ€™s out of pocket cost to enable &amp; support Starlink in Ukraine is ~$80M so far. Our support for Russia is $0. Obviously, we are pro Ukraine.\n\nTrying to retake Crimea will cause massive death, probably fail &amp; risk nuclear war. This would be terrible for Ukraine &amp; Earth.'"
894,1,"'@slashdot In other news, remote controlled anal beads sold out everywhere'"
895,0,'@micsolana ğŸ¤£'
896,1,"'@spideycyp_155 @StonksReddit @Podolyak_M That referendum was questionable, which is why I suggested repeating it under UN (or other trusted entity) supervision'"
897,0,"'@StonksReddit @Podolyak_M Great, offer a UN supervised vote and if Russia refuses, then war it is'"
898,1,'@Podolyak_M Maybe a similar approach to Kosovo https://t.co/cGPpaXAaA3'
899,1,"'@Podolyak_M No, Iâ€™m suggesting voting under UN (or pick your most trusted entity or country) supervision'"
900,0,"'@RenataKonkoly Russia is doing partial mobilization. They go to full war mobilization if Crimea is at risk. Death on both sides will be devastating.\n\nRussia has &gt;3 times population of Ukraine, so victory for Ukraine is unlikely in total war. If you care about the people of Ukraine, seek peace.'"
901,0,'@RenataKonkoly You are assuming that I wish to be popular. I donâ€™t care.\n\nI do care that millions of people may die needlessly for an essentially identical outcome.'
902,1,'Letâ€™s try this then: the will of the people who live in the Donbas &amp; Crimea should decide whether theyâ€™re part of Russia or Ukraine'
903,1,'@PopMech Cheese is amazing'
904,0,'@Nemli_mot Indeed. Biggest bot attack Iâ€™ve ever seen.'
905,0,'@raulsanchezuk The bot attack on this poll is strong!'
906,0,"'@AkiKivirinta The will of the people should decide whether they are part of Russia or Ukraine, but Russia invaded areas that would unequivocally choose to be part of Ukraine'"
907,0,"'Also worth noting that a possible, albeit unlikely, outcome from this conflict is nuclear war'"
908,0,'This is highly likely to be the outcome in the end â€“ just a question of how many die before then'
909,0,"'Ukraine-Russia Peace:\n\n- Redo elections of annexed regions under UN supervision. Russia leaves if that is will of the people.\n\n- Crimea formally part of Russia, as it has been since 1783 (until Khrushchevâ€™s mistake).\n\n- Water supply to Crimea assured.\n\n- Ukraine remains neutral.'"
910,1,'@jasondebolt Yes'
911,1,'@jasondebolt That is my assessment too'
912,1,"'@tim_zaman Well-said! Also, we try to operate the team as non-hierarchically as possible &amp; allow movement between project areas, so you donâ€™t get pigeon-holed.'"
913,1,'@PPathole @Tesla @SpaceX @neuralink @boringcompany Iâ€™m trying my hardest! Perhaps more people might consider loving humanity. \n\nOur collective light of consciousness is a tiny candle in a vast darkness. Please do not let it go out.'
914,1,'@cb_doge @Tesla Optimus will be sickkk'
915,0,'@cb_doge @Tesla ğŸ‘€'
916,1,"'@WholeMarsBlog Would be cool to make a game using Tesla Sim thatâ€™s literally your city &amp; neighborhood, down to skid marks on road &amp; then inject fantasy/sci-fi elements'"
917,1,'@cb_doge @WholeMarsBlog Occasionally'
918,1,'@WholeMarsBlog And people wonder why I sometimes think weâ€™re in a simulation â€¦'
919,0,'https://t.co/cGHSTdb9gv'
920,1,'@WholeMarsBlog 144 trillion operations per second'
921,1,'@DaltBrewer The embarrassing hose down photos were highly motivating tbh'
922,0,'https://t.co/inO8f1q38o'
923,1,'@WholeMarsBlog Tunneled under the road from one property to another. This is to test the new machine.'
924,0,"'@PPathole Unfortunately, snail is still faster, but TBC might beat snail by end of 2024'"
925,1,'Prufrock II emerging from the ground https://t.co/csamCrmAZa'
926,1,"'@OwenSparks_ @GerberKawasaki But between now and then, we do actually need to work hard'"
927,0,"'@GerberKawasaki I donâ€™t care about boosting the stock, but the economic implications are obvious'"
928,1,'Do not let ancient grudge break to new mutiny'
929,0,'@chicago_glenn @Pontifex So many talented Russians in America'
930,0,'@WholeMarsBlog Customer experience suffers when there is an end of quarter rush. Steady as she goes is the right move.'
931,1,'@Pontifex War always gives ample reason for vengeance for all sides. Only by overcoming this instinct can there be peace.'
932,1,'@WholeMarsBlog Smoothing out crazy end of quarter delivery wave to reduce expedite costs &amp; relieve stress on Tesla team. Aiming for steadier deliveries intra-quarter.'
933,0,"'@WholeMarsBlog Itâ€™s funny reading simultaneous criticism that itâ€™s already been done, but also itâ€™s impossible ğŸ¤£'"
934,0,'@streetpeopleLA @KitsonLA ??'
935,0,'@DoctorJack16 Master Plan (mÃ©Â·nage Ã ) Trois is all about tonnage'
936,1,"'@OriolVinyalsML @Tesla @karpathy Thanks, we have a great team'"
937,1,'@Rainmaker1973 Beautiful'
938,1,'@wintonARK Exactly'
939,0,'https://t.co/HdUl0etoao'
940,1,'Recording of Tesla AI Day 2022 \nhttps://t.co/7LR51x7pXa'
941,0,'Join https://t.co/FgKC8Zt4k9'
942,1,'@chicago_glenn @EvasTeslaSPlaid A little'
943,1,'@WholeMarsBlog That and giving it a brain'
944,0,'@EvasTeslaSPlaid And Wegovy'
945,1,'@ICannot_Enough Yes'
946,0,'@EvasTeslaSPlaid Fasting'
947,0,"'@Don_lyall @Neuro_Skeptic Uh oh, mine must be tiny!'"
948,1,'@karpathy ğŸ¤£'
949,0,'ğŸ¤– ğŸ–¤ https://t.co/eNhVVztXHM'
950,0,'https://t.co/NluTMRAQfa'
951,0,'@AstroJordy ğŸ”¥ğŸ”¥'
952,0,'@NASASpaceflight ğŸ’¯'
953,0,'https://t.co/PHa7kKhFoT'
954,1,"'Naturally, there will be a catgirl version of our Optimus robot'"
955,1,"'The point of AI Day is to show the immense depth &amp; breadth of Tesla in AI, compute hardware &amp; robotics'"
956,1,'@cb_doge @Tesla ğŸ¤£'
957,1,'@teslaownersSV Yup'
958,0,"'@RyanAFournier Should be according to greatest need, not race or anything else'"
