<PAD/>,0
name,1
',2
",",3
to,4
the,5
is,6
a,7
of,8
!,9
t,10
in,11
that,12
will,13
i,14
it,15
n,16
twitter,17
be,18
co,19
https,20
this,21
for,22
we,23
s,24
are,25
you,26
as,27
but,28
on,29
\?,30
at,31
not,32
have,33
with,34
all,35
more,36
can,37
by,38
what,39
my,40
no,41
if,42
was,43
so,44
people,45
and,46
has,47
from,48
\),49
should,50
there,51
one,52
they,53
than,54
starlink,55
even,56
an,57
\(,58
just,59
do,60
like,61
re,62
who,63
much,64
russia,65
many,66
most,67
blue,68
or,69
good,70
also,71
some,72
great,73
back,74
which,75
'twitter,76
about,77
me,78
would,79
now,80
m,81
verified,82
their,83
next,84
did,85
ukraine,86
right,87
actually,88
how,89
been,90
ve,91
get,92
time,93
still,94
why,95
way,96
thing,97
working,98
before,99
out,100
when,101
far,102
accurate,103
had,104
real,105
new,106
work,107
make,108
then,109
high,110
up,111
better,112
think,113
super,114
internet,115
spacex,116
it',117
few,118
content,119
other,120
exactly',121
war,122
probably,123
tesla,124
too,125
very,126
only,127
want,128
lot,129
information,130
our,131
day,132
every,133
your,134
could,135
he,136
long,137
yup',138
yes',139
those,140
account,141
seen,142
question,143
times,144
don,145
'https,146
power,147
coming,148
money,149
off,150
year,151
8',152
nhttps,153
use,154
being,155
doesn,156
8,157
absolutely',158
part,159
already,160
trying,161
release,162
countries,163
any,164
something,165
without,166
were,167
losing,168
true,169
definitely,170
nukes,171
possible,172
know,173
source,174
world,175
pay,176
both,177
below,178
due,179
soon,180
tweets,181
almost,182
cost,183
going,184
earth,185
30,186
legacy,187
week',188
system,189
tweet,190
left,191
accounts,192
into,193
parody,194
burnt,195
hair,196
pretty,197
d,198
ll,199
need,200
take,201
clear,202
say,203
media,204
same,205
let,206
down,207
app,208
keep,209
major,210
absolutely,211
community,212
true',213
several,214
america,215
companies,216
sounds,217
needs,218
'this,219
interesting',220
'to,221
given,222
yeah,223
see,224
add,225
satellites,226
please,227
team,228
launch,229
video,230
month,231
appreciated,232
per,233
months,234
'the,235
its,236
able,237
side,238
comms,239
impersonation,240
change,241
look,242
week,243
support,244
yes,245
sure,246
love,247
until,248
sold,249
over,250
such,251
moderation,252
two,253
10,254
each,255
'and,256
company,257
them,258
test,259
idea,260
verification,261
journalism,262
3,263
choice,264
server,265
everything,266
defeat,267
spam,268
slow,269
done,270
doing,271
said,272
safety,273
twitter',274
thread',275
hope,276
welcome,277
list,278
notes,279
exactly,280
these,281
wrong,282
own,283
talk,284
crimea,285
rockets,286
'i,287
someone,288
user,289
falcon,290
does,291
space,292
maybe,293
guy,294
dod,295
office,296
forward,297
big,298
refresh,299
end,300
small,301
interesting,302
try,303
bird,304
well,305
needed,306
cause,307
feels,308
goal,309
home,310
cool,311
gps,312
today,313
problem,314
days,315
come,316
might,317
terminals,318
best,319
again,320
anyone,321
1200,322
microservices,323
critical,324
citizen,325
stop,326
search,327
though,328
agreed,329
used,330
following,331
accurate',332
matters,333
fact,334
nwe,335
now',336
getting,337
his,338
destroy,339
suspended,340
hate,341
first,342
while,343
actual,344
less,345
false',346
coming',347
between,348
widely,349
nothing,350
active,351
years,352
independent,353
voting,354
asked,355
platform,356
do',357
version,358
satellite,359
technology,360
birds,361
since,362
single,363
42,364
longer,365
johnson,366
set,367
answer,368
provide,369
ability,370
latter,371
checkmarks,372
months',373
never,374
place,375
best',376
current,377
starship,378
alien,379
continues,380
awesome,381
giving,382
include,383
bottles,384
sides,385
obviously,386
users,387
signal,388
little,389
cool',390
affiliation,391
'we,392
capability,393
hq,394
made,395
wait,396
people',397
25,398
making,399
ever,400
agree,401
within,402
may,403
google,404
democrat,405
another,406
certainly,407
go,408
design,409
orbit,410
party,411
point,412
nthe,413
matter,414
wants,415
number,416
data,417
usage,418
de,419
essential,420
scam,421
india,422
so',423
v11,424
beta,425
us,426
way',427
fast,428
this',429
smart,430
stuff,431
buy,432
android,433
news,434
under,435
truly,436
well',437
free,438
via,439
production,440
evolve,441
council,442
commitment,443
speech,444
food,445
because,446
20,447
firing,448
ok,449
double,450
thanks,451
birdwatch,452
saying,453
growth,454
u200d,455
happens,456
least,457
bots,458
paid,459
haha',460
groups,461
start,462
outcome,463
bandwidth,464
2,465
level,466
insulin,467
fake,468
case,469
na,470
built,471
quite,472
integrity,473
battlefield,474
hear,475
she,476
perhaps,477
hashtag,478
baby,479
truth,480
political,481
revenue,482
logic,483
service,484
69,485
advertisers,486
concerning',487
tbh,488
nuclear,489
probability,490
secs,491
messed,492
using,493
massive,494
harder,495
ok',496
future',497
serving,498
fair,499
divergent,500
beliefs,501
become,502
7,503
works,504
time',505
mom,506
'you,507
voters,508
worst,509
therefore,510
recommend,511
republican,512
lower,513
priority,514
standard,515
speeds,516
hours,517
happening,518
nas,519
significant,520
increases,521
maybe',522
online,523
9,524
min,525
fixed,526
monetization,527
ligma,528
donate,529
x,530
feedback,531
apple,532
handles,533
soon',534
came,535
told,536
funding',537
form,538
text,539
especially,540
bizarre,541
served,542
past,543
fan,544
fragrance,545
congratulations,546
definitely',547
takes,548
indeed,549
unpaid,550
removed,551
bring,552
requires,553
50,554
plus,555
anywhere,556
democrats,557
republicans,558
reading,559
'but,560
means,561
phone,562
cell,563
nstarlink,564
dragon,565
collective,566
checkmark,567
loss,568
handed,569
future,570
comments,571
thread,572
rise,573
isn,574
friend,575
silicon,576
valley,577
often,578
cue,579
meme,580
changing,581
terms,582
service',583
'going,584
common,585
product,586
agreed',587
'a,588
realize,589
misleading,590
line,591
ni,592
rollout,593
limited,594
expand,595
worldwide,596
movie,597
granularity,598
badge,599
basically,600
terminal,601
policies,602
body,603
jimmy,604
sense',605
rocks',606
'maybe,607
clearly,608
fun,609
precise,610
300,611
sent,612
paying,613
surprisingly,614
hard,615
trolls,616
'an,617
done',618
us',619
vector,620
strong,621
negatively,622
affect,623
around,624
advertising,625
fb,626
open,627
airplane,628
aloft,629
worked,630
provided,631
1,632
development,633
nthere,634
ideas,635
'falcon,636
map,637
'so,638
allow,639
mere,640
indeed',641
rating,642
itself,643
late,644
unfortunately,645
required,646
primary,647
communications,648
army,649
job,650
timeline,651
40,652
according,653
control,654
improve,655
biggest,656
night,657
escalate,658
lol',659
yay,660
noted,661
mentions,662
half,663
forced,664
phones,665
iphone,666
easy,667
funny,668
00,669
worth,670
show,671
trust,672
today',673
s',674
weeks,675
correct',676
energy,677
fixing,678
possible',679
eye,680
dumb,681
reality,682
closer,683
orgs,684
proceeding,685
nso,686
whole,687
continue,688
game,689
talked,690
year',691
testing,692
really,693
ship,694
booster,695
core,696
software,697
servers,698
forming,699
nno,700
happen,701
incredible,702
personal,703
great',704
request,705
legal,706
knows,707
'please,708
things,709
board,710
rest,711
summon,712
real',713
progress,714
6,715
potential,716
improving,717
accuracy,718
ass,719
full,720
non,721
suspension,722
perfume,723
important,724
palo,725
engineering,726
spaces,727
finally,728
lose,729
balance,730
fasting,731
gamechanger,732
makes,733
's,734
civil,735
changed,736
roll,737
thank,738
action,739
destruction,740
country,741
believe,742
region,743
roughly,744
jamming,745
20m,746
conspiracy,747
object,748
constellation,749
elon,750
laugh,751
amazing,752
outside,753
low,754
higher,755
british,756
risk,757
scale',758
sbf,759
assessment',760
nin,761
read,762
anything',763
summary,764
email,765
public,766
increased,767
citizens,768
paint,769
fine,770
otherwise,771
always,772
goes,773
rules,774
heavy,775
man,776
hopefully,777
living,778
adding,779
mins,780
appreciated',781
that',782
enable,783
organizations,784
them',785
liking,786
resources,787
actively,788
feature,789
fighting,790
weeks',791
process,792
entirely,793
close,794
stay,795
apologize,796
nonly,797
numbers,798
nand,799
give,800
'are,801
seeing,802
billions,803
interactions,804
thought,805
fate,806
minor,807
others,808
identified,809
through,810
false,811
occupancy,812
breakfast,813
das,814
exist,815
25k,816
month',817
useful,818
life,819
times',820
tried,821
fix,822
york,823
global,824
politics,825
sometimes,826
nsame,827
reasonable,828
person,829
humiliating,830
ncrimea,831
crucial,832
hawaii,833
fail,834
cars,835
u001faa6,836
ww3,837
nif,838
utterly,839
neven,840
bad,841
peace,842
unlikely,843
nice,844
seem,845
rpcs,846
matches,847
situation,848
usa,849
course,850
mad,851
damned,852
100,853
nbut,854
nato,855
sigh,856
faced,857
nuke,858
security,859
suggesting,860
propaganda,861
count,862
warfront,863
defense,864
die,865
condition,866
horrible,867
warning,868
weapons,869
attack,870
no',871
abuse,872
yup,873
float',874
aren,875
reusable,876
broadly,877
inclusive,878
forum,879
lively,880
occasionally,881
rancorous,882
debate,883
nis,884
forever',885
mission,886
terminals',887
ago',888
'quite,889
rocks,890
sb1sl0hdrv',891
'halloween,892
xoagneeinn',893
'fresh,894
baked,895
bread,896
pastries,897
joys,898
life',899
for',900
minded,901
nshared,902
curbs,903
excesses,904
parties,905
congress,906
presidency,907
democratic,908
'if,909
dollar,910
trump,911
minting,912
assessment,913
realize',914
rv,915
nyou,916
during,917
upgrade,918
density,919
locations,920
'complaint,921
hotline,922
operator,923
mention,924
complaints,925
haven,926
1986,927
lr6bzj0nwx',928
'congrats,929
48th,930
holds,931
record,932
launches,933
vehicle,934
type,935
chunks,936
1080,937
resolution,938
break,939
limit,940
nhow,941
youtube,942
'welcoming,943
lehxv95njj',944
'ok,945
option,946
starlink',947
'deus,948
machina',949
is',950
bs,951
detector,952
3b,953
weirdly,954
tricky,955
subscriptions,956
subscribed,957
old,958
smooth,959
subscribe,960
rebuilding,961
slightly,962
wrote,963
code,964
website',965
turn,966
refused,967
attach,968
ending,969
absurdity,970
notepad,971
screenshots',972
estimated,973
lunch,974
12,975
400,976
tweeps,977
twits,978
vastly,979
gravitas',980
ww3',981
finest,982
ohjwxnx5zc,983
0j1lmreobs',984
awesome',985
thanks',986
parts,987
seconds',988
millipede,989
millennia',990
humour',991
eventually,992
run,993
gyxk9uzliw',994
dial,995
warm,996
fuzzy,997
mf,998
go',999
build,1000
except,1001
watt,1002
solar,1003
battery,1004
generator,1005
connectivity,1006
'hardcore,1007
vote,1008
ones,1009
decide,1010
charge,1011
simply,1012
'bring,1013
vine,1014
freed',1015
fiber,1016
lines,1017
towers,1018
based,1019
areas,1020
destroyed,1021
cdjbowgziz',1022
'spacex,1023
docking,1024
extended,1025
afbdkhddgi',1026
implementing,1027
additional,1028
safeguards,1029
prevent,1030
individual,1031
organization',1032
lords,1033
peasants,1034
bullshit,1035
npower,1036
breakeven,1037
fund,1038
mars',1039
'any,1040
temporary,1041
checkmark',1042
increasingly,1043
alive',1044
favoring,1045
neither,1046
wow',1047
vital,1048
consciousness',1049
covered,1050
'advertisers,1051
seriously',1052
rofl',1053
srsly',1054
dms,1055
superset,1056
signal',1057
fair',1058
planet',1059
'usage,1060
boring,1061
spare,1062
bedroom,1063
couch,1064
surfing,1065
houses,1066
decade,1067
nfrankly,1068
friends,1069
u001fad0',1070
obama,1071
himself,1072
medal,1073
confirmed,1074
meet,1075
engaged,1076
must,1077
bio',1078
'over,1079
500,1080
brutal,1081
phrase,1082
come',1083
counter,1084
intuitive,1085
gonna,1086
sick,1087
much',1088
happen',1089
neuron,1090
neuron',1091
respect,1092
authority,1093
inhibits,1094
innovation',1095
headline,1096
offer,1097
robust,1098
positioning,1099
100x,1100
nnot,1101
sight,1102
10x,1103
stronger,1104
njust,1105
unsure,1106
confirming,1107
denying,1108
convincing,1109
alien',1110
intentionally,1111
ios,1112
promotion,1113
iron,1114
issues,1115
platforms,1116
watch,1117
nature,1118
debate',1119
organizational,1120
id,1121
verification',1122
different,1123
roaming,1124
gnh0yppvos',1125
pic,1126
qjfoqcr533',1127
yet,1128
changes,1129
k4gutsxoiu',1130
second,1131
snatcher,1132
pretending,1133
nsay,1134
docked,1135
'venn,1136
diagram,1137
intersection,1138
audiences,1139
guess',1140
tiktok,1141
plan',1142
social,1143
algorithm,1144
question',1145
engaging,1146
specifying,1147
permanently,1148
suspended',1149
'500,1150
mile,1151
range,1152
drive',1153
present,1154
630,1155
actuators,1156
humanoid,1157
robot,1158
problem',1159
personally,1160
own',1161
omnigender,1162
product',1163
'internet,1164
airplanes,1165
feel,1166
accessing,1167
mfl2ixynjh',1168
ye,1169
restored,1170
acquisition,1171
consult,1172
inform,1173
paywall,1174
bypass,1175
publishers,1176
willing,1177
couldn,1178
output,1179
sum,1180
degree,1181
net,1182
negative,1183
bought,1184
tiny,1185
large,1186
ad,1187
package,1188
effectiveness,1189
australia,1190
spain,1191
insta,1192
nasa,1193
'widespread,1194
democratize,1195
empower,1196
voice,1197
call,1198
away,1199
perfectly,1200
lag,1201
noted',1202
context,1203
invited,1204
further,1205
career,1206
elsewhere',1207
electric,1208
propeller,1209
mounted,1210
tow,1211
hitch,1212
faster,1213
knots,1214
creative,1215
wheel,1216
hub,1217
generate,1218
meaningful,1219
thrust,1220
here',1221
la,1222
r8l2sblc3p',1223
notable,1224
bogus,1225
looking,1226
electoral,1227
2012,1228
pro,1229
ykz9hipyav',1230
demanding,1231
learn,1232
priceless,1233
arcade,1234
bar,1235
area',1236
ramen,1237
lambos',1238
intense,1239
nbeing,1240
select,1241
maturity,1242
self,1243
selected,1244
modified,1245
troll,1246
tbh',1247
reports,1248
fanfare,1249
predictions,1250
rarely,1251
early',1252
'regarding,1253
reduction,1254
force,1255
4m,1256
neveryone,1257
exited,1258
offered,1259
severance,1260
legally,1261
takes',1262
ukrainian,1263
front,1264
else,1265
guest,1266
serial,1267
requests,1268
ntrimming,1269
reducing,1270
serialized,1271
trips,1272
simplifying,1273
speed,1274
exciting,1275
alive,1276
largest,1277
animal,1278
nwild,1279
whales,1280
bigger,1281
dinosaur,1282
app',1283
'as,1284
pursues,1285
elevating,1286
elite,1287
happening',1288
war',1289
fix',1290
replies,1291
post,1292
audio,1293
ads',1294
internet',1295
plot,1296
twist,1297
brute,1298
solve,1299
weak,1300
connections,1301
older,1302
nworth,1303
noting,1304
latest,1305
same',1306
prediction',1307
inverse,1308
poetry,1309
metaphors,1310
literal',1311
followers,1312
'10,1313
board',1314
capital,1315
allocation,1316
watching',1317
btw,1318
bakhmut,1319
'neuralink,1320
tell,1321
nov,1322
30',1323
rocketry',1324
understanding,1325
digging,1326
'exceptionally,1327
ut8fxg0mef',1328
play,1329
crazy,1330
wide,1331
canada',1332
mine',1333
growing,1334
investing,1335
fear,1336
turbulence,1337
commercial,1338
airliner,1339
wings,1340
handle,1341
insane,1342
amounts,1343
bending,1344
glad,1345
accelerating,1346
sustainable,1347
mission',1348
check,1349
leveler',1350
priority',1351
quieter,1352
leaf,1353
blower,1354
leaves,1355
everyone,1356
blind,1357
pqztpvr4ui',1358
'entering,1359
sink,1360
d68z4k2wq7',1361
cite,1362
specific,1363
instances,1364
significance,1365
ndoes,1366
arbitrarily,1367
npiggybacking,1368
payment,1369
ensure,1370
local,1371
prominence,1372
movie',1373
good',1374
require,1375
exceptional,1376
execution,1377
evolve',1378
tweaks,1379
overall,1380
suspend,1381
attempting,1382
scammers,1383
million,1384
bunch,1385
qurxqb59i0',1386
absolument',1387
complainers,1388
complaining,1389
'meeting,1390
'fancy,1391
tennis,1392
d9tqilg7nb',1393
videoconference,1394
last,1395
hank,1396
ultimately,1397
final,1398
arbiter,1399
suggestions',1400
'followed,1401
creator,1402
forms,1403
content',1404
plan,1405
unless,1406
damaged,1407
spooling,1408
incremental,1409
improvements,1410
philosophy',1411
am,1412
regular,1413
contact,1414
fedorov',1415
'20,1416
mike,1417
rapidly,1418
technologist,1419
diverse,1420
viewpoints,1421
decisions,1422
reinstatements,1423
convenes,1424
creature,1425
'my,1426
extends,1427
banning,1428
plane,1429
direct,1430
risk',1431
pwmxuvu2fc',1432
schrep,1433
withdrawn,1434
'coming,1435
cnibfrrxyt',1436
called,1437
uses,1438
'comedy,1439
increasing,1440
move',1441
sec,1442
max,1443
oxygen,1444
fill,1445
autogenous,1446
pressurization,1447
possibly,1448
static,1449
fire,1450
orbital,1451
attempt',1452
note,1453
lots,1454
heir,1455
human,1456
forgive,1457
divine,1458
deeds',1459
viewpoints',1460
went,1461
combined,1462
tracking,1463
michael',1464
'be,1465
idea',1466
point',1467
'with,1468
mine,1469
business,1470
inevitable,1471
fight,1472
carefully,1473
rud,1474
pad,1475
superchargers,1476
connectors,1477
available,1478
renamed,1479
important',1480
asap,1481
couple,1482
c4iwnwkwlr',1483
ratings,1484
simulation,1485
incredible',1486
duration,1487
14,1488
engines',1489
asking',1490
ace,1491
reporting,1492
recommendation,1493
performance,1494
y,1495
improved,1496
comfort,1497
affecting,1498
handling',1499
frequently',1500
alto,1501
thursday,1502
redeye,1503
ny,1504
'who,1505
decides,1506
nreal,1507
achieve,1508
jkbu2wjida',1509
compelling,1510
case',1511
hive,1512
minds',1513
engages,1514
nessentially,1515
raises,1516
crime,1517
orders,1518
magnitude,1519
judged,1520
formerly,1521
nhowever,1522
executive,1523
legislative,1524
branches,1525
dominated,1526
sorry,1527
dragons,1528
killed,1529
taint,1530
representatives,1531
views,1532
rights,1533
face,1534
fueled,1535
violence,1536
'how,1537
gcxukz4kzc',1538
nope,1539
alway,1540
strangest,1541
meetings,1542
experienced,1543
'vox,1544
populi,1545
vox,1546
dei',1547
desire,1548
involved,1549
wars,1550
safe,1551
bets,1552
flying',1553
clarifying,1554
regard',1555
compromise,1556
overwhelmingly,1557
likely,1558
death,1559
then',1560
'price,1561
adjusted,1562
proportionate,1563
purchasing,1564
parity',1565
'some,1566
epically,1567
will',1568
assuming,1569
conflict,1570
live,1571
nmost,1572
unequivocally,1573
eastern,1574
portions,1575
russian,1576
majorities,1577
prefer,1578
broaden,1579
wen,1580
doc,1581
series,1582
vast,1583
majority,1584
space',1585
agendas',1586
addition,1587
create,1588
maintain,1589
replenish,1590
ground,1591
stations,1592
telcos,1593
access,1594
gateways,1595
defend,1596
against,1597
cyberattacks,1598
nburn,1599
approaching,1600
favorite,1601
theories,1602
80,1603
men',1604
'starlink,1605
view,1606
2nd,1607
stage,1608
deorbit,1609
burn,1610
kblv95bak7',1611
'order,1612
q1vvqv5g0i,1613
ehca6krk3v',1614
'works,1615
moving,1616
land,1617
xu4qkjw4d9',1618
comes,1619
tonnage,1620
ton',1621
tab,1622
usable,1623
ask',1624
opinion,1625
chill,1626
share,1627
right',1628
japan,1629
adults,1630
japan',1631
oddly,1632
normally,1633
beast,1634
'hit,1635
'recent,1636
trend,1637
promising,1638
0q7udxskbm',1639
fond,1640
memories',1641
humor,1642
malenia,1643
battle,1644
intense',1645
price,1646
complex,1647
short,1648
original,1649
discovered,1650
1921,1651
1923,1652
inexpensive,1653
costing,1654
nnew,1655
efficacy,1656
analog,1657
variants,1658
expensive,1659
vitalik,1660
finally',1661
pseudonym,1662
principle,1663
engage,1664
malicious,1665
deception,1666
gen,1667
key,1668
lies,1669
ahead,1670
2023,1671
tough,1672
positioned,1673
'in,1674
missed,1675
ai,1676
2022,1677
sbu0pexpy1',1678
'what,1679
lesson,1680
took,1681
longest,1682
unlearn,1683
brand,1684
unchanged',1685
reaction,1686
different',1687
tells,1688
'again,1689
crystal,1690
remains,1691
unchanged,1692
hateful,1693
decline,1694
prior,1695
norms,1696
contrary,1697
press,1698
censor,1699
kinetic,1700
scales,1701
square,1702
velocity,1703
sealed,1704
escape,1705
pod,1706
heat,1707
shield,1708
crazier,1709
doge,1710
header',1711
subscription,1712
switched,1713
'just,1714
received,1715
autogenerated,1716
7dqp4sninx',1717
internal,1718
'by,1719
nfor,1720
'mainstream,1721
thrive,1722
competition,1723
oligopoly,1724
disrupted',1725
'only,1726
giga,1727
berlin,1728
colors,1729
shop,1730
specially,1731
apply,1732
layers,1733
complexity,1734
htis0lfrzv',1735
hilarious,1736
discount',1737
currently,1738
ut1txuefso',1739
testament,1740
awesomeness,1741
humanity',1742
yep',1743
ago,1744
pleasant,1745
memory,1746
widen,1747
thanksgiving',1748
game',1749
news',1750
scratch,1751
buff,1752
out',1753
'back,1754
hedge,1755
shrub',1756
proven,1757
'there,1758
secondary,1759
tag,1760
figure,1761
politicians',1762
hunter,1763
anytime',1764
lbs,1765
result,1766
population,1767
collapse,1768
dramatically,1769
decreasing,1770
birth,1771
rates,1772
device,1773
written,1774
waste,1775
screen,1776
compute,1777
literally,1778
bluay8q80f',1779
review,1780
urgent,1781
confirm,1782
initial,1783
translation,1784
worldwide',1785
regularly,1786
scheduled,1787
programming',1788
rapid,1789
evolution',1790
beat,1791
'rolling,1792
identify,1793
associated,1794
mostly,1795
society,1796
leaders,1797
ken,1798
hersch,1799
combat,1800
harassment,1801
enforce,1802
election,1803
policies',1804
default,1805
subscriber,1806
amount,1807
requesting,1808
advantage,1809
ironically,1810
battlefields,1811
jam,1812
operations,1813
rule,1814
roost',1815
rolls,1816
powerful,1817
impact,1818
falsehoods',1819
switzerland,1820
belgium,1821
chocolate,1822
eccentric,1823
irish,1824
artisanal,1825
sweet,1826
shops',1827
andrej,1828
tesla',1829
nations,1830
helping,1831
lockdown,1832
mode,1833
slows,1834
resist,1835
attacks,1836
sophisticated,1837
adversary,1838
management,1839
201,1840
tantalizing,1841
carrot,1842
bear,1843
mind,1844
all',1845
absolute,1846
mis,1847
disinformation,1848
outfits',1849
ryskrhejfi',1850
'excellent,1851
head,1852
sj1mbf9mub',1853
optimus,1854
'can,1855
stories,1856
tomorrow,1857
1m,1858
decisive,1859
advantage',1860
room,1861
improvement',1862
manage,1863
affiliations',1864
heard',1865
'being,1866
attacked,1867
simultaneously,1868
sign',1869
her,1870
revamped,1871
mr,1872
munger,1873
words,1874
creators,1875
sobrave',1876
historical,1877
history,1878
cute,1879
wild,1880
rhino,1881
downwind,1882
ftw,1883
geniuses,1884
immense,1885
talent,1886
doubt,1887
elsewhere,1888
necessary,1889
change',1890
kasparov,1891
playing,1892
chess,1893
idiot',1894
'28,1895
700,1896
exquisite,1897
unique,1898
edition,1899
collector,1900
item,1901
gh2zg7b5qx',1902
significantly,1903
deal,1904
announced,1905
early,1906
becomes,1907
reliable,1908
indispensable,1909
nour,1910
regard,1911
stream,1912
reward,1913
creators',1914
un,1915
ailable,1916
fewer,1917
scams,1918
beautiful',1919
beautiful,1920
empowers,1921
disseminate,1922
establishment,1923
bias',1924
'because,1925
consists,1926
bidirectional,1927
cybernetic,1928
intelligence',1929
agree',1930
'search,1931
reminds,1932
infoseek,1933
98,1934
pronto,1935
'doesn,1936
lit,1937
'finally,1938
carbs,1939
freespeech',1940
bjsdujidlk',1941
thermonuclear,1942
shame,1943
'sonic,1944
booms,1945
6n5oxfc0dy',1946
incent,1947
totally,1948
loves,1949
irony',1950
title,1951
chief,1952
twit,1953
bio,1954
ceo,1955
dubious,1956
reasons,1957
freed,1958
jail',1959
url,1960
guest',1961
starlinks,1962
places,1963
m0asmenmrd',1964
ll',1965
cursing,1966
lot',1967
story,1968
appeared,1969
identical,1970
emails,1971
coded,1972
either,1973
sentences,1974
binary,1975
signature,1976
leaker,1977
guessing,1978
spring,1979
24',1980
practice,1981
perfect,1982
ready,1983
'video,1984
9gujv2v143',1985
busy,1986
survive,1987
spends,1988
13m,1989
sf,1990
records,1991
peak,1992
average,1993
preparing,1994
eating,1995
nthey,1996
bother,1997
dinner,1998
building,1999
warrants,2000
scrutiny',2001
'pitching,2002
once,2003
crossover,2004
boot,2005
boss,2006
hijinks,2007
seas,2008
fiermsthp2',2009
potential',2010
bit,2011
polish,2012
posing,2013
varies,2014
positions,2015
nrecessions,2016
silver,2017
lining,2018
shouldn,2019
existing,2020
uplink,2021
tower,2022
potentially,2023
thousand,2024
terminal',2025
represent,2026
journalists,2027
legitimate,2028
lie,2029
temporary',2030
'excited,2031
announce,2032
semi,2033
truck,2034
deliveries,2035
dec,2036
1st,2037
gq0l73igrw',2038
welcome',2039
subscript,2040
clarify',2041
iran,2042
far',2043
kid,2044
naming,2045
'dear,2046
gmwhminpas',2047
'punting,2048
relaunch,2049
november,2050
29th,2051
rock,2052
solid',2053
child,2054
found,2055
simple,2056
grid,2057
fog,2058
tree,2059
random,2060
spawn,2061
position,2062
players,2063
exact,2064
pieces,2065
etc,2066
npolytopia,2067
addresses,2068
limitations,2069
fsd,2070
rolled,2071
11,2072
11pm,2073
pacific',2074
yeah',2075
happened,2076
typically,2077
ayahuasca,2078
zo3lw6nlxw',2079
quill,2080
necessary',2081
manufacturing,2082
join,2083
tosh,2084
giant,2085
30ft,2086
literal,2087
fork,2088
road,2089
autopilot,2090
alto',2091
curses,2092
foiled,2093
byobgbhoua',2094
'buy,2095
digs,2096
holes,2097
melt,2098
hero,2099
villain,2100
cycles,2101
lost,2102
count',2103
theorist,2104
wet,2105
dream',2106
pp,2107
mask,2108
'ftx,2109
meltdown,2110
ransack,2111
tracked,2112
followed,2113
icg6e35loe',2114
j4zhlazopa',2115
hot,2116
aoc,2117
says,2118
emerged,2119
chaotic,2120
actor,2121
paper,2122
interventions,2123
combustible,2124
conflicts,2125
boon,2126
messaging,2127
caused,2128
problems,2129
puff,2130
piece,2131
gives,2132
creeps',2133
however,2134
logistically,2135
staying,2136
nworking,2137
remotely,2138
manager,2139
vouches,2140
excellence,2141
policy,2142
'totally,2143
stole,2144
charging,2145
insults,2146
arguments,2147
monty,2148
python,2149
ofkryp3bs7',2150
w55subxyed',2151
oh,2152
diabolical,2153
plans,2154
revealed,2155
surely,2156
dealing,2157
wouldn,2158
correct,2159
analogy,2160
withdrawal,2161
afghanistan,2162
sees,2163
insanely,2164
difficult,2165
leo,2166
avoid,2167
bankruptcy,2168
nwhen,2169
conference,2170
bankrupt,2171
speaks,2172
inner,2173
masochist,2174
nnow,2175
nliterally,2176
outlets,2177
zpz6b4f7ou',2178
'tiny,2179
mind',2180
link,2181
d6v6m5atw2',2182
injustice,2183
platformed,2184
violating,2185
zdi2ntqlqw',2186
goth,2187
clowns,2188
lonely',2189
disagree,2190
0,2191
dangerous,2192
fools,2193
'think,2194
decided,2195
accepting,2196
borderline,2197
illegal,2198
san,2199
francisco,2200
admitting,2201
not',2202
putin,2203
laboring,2204
misapprehension,2205
whoever,2206
replaces,2207
him,2208
amenable,2209
western,2210
philosophy,2211
kremlin,2212
olympics',2213
pgtsy1zidc',2214
damn',2215
u001f979',2216
'why,2217
indonesia,2218
claim,2219
n10,2220
15,2221
homeline,2222
delay,2223
latency,2224
'did,2225
dyslexic,2226
kbg,2227
agent,2228
pot,2229
secret,2230
managing,2231
coding',2232
wow,2233
independently,2234
engineers,2235
ex,2236
employee,2237
batching,2238
verbose,2239
transferred,2240
hardest,2241
failing',2242
percentage,2243
proportion,2244
are',2245
europe,2246
missiles,2247
minutes,2248
vice,2249
versa,2250
surprising,2251
nof,2252
gj1whytjxk',2253
'ligma,2254
cgjrov5em2',2255
overrunning,2256
destabilize,2257
entire,2258
world',2259
c8hn7ohxt4',2260
add',2261
gsjejnik4u',2262
gets,2263
hit,2264
size',2265
someday,2266
humanity,2267
stopped,2268
pointing,2269
chance,2270
above,2271
zero,2272
launched,2273
highest,2274
60,2275
hsqneyhnx1',2276
xtwjf4lv9o',2277
guess,2278
damned',2279
nobody,2280
bats,2281
faces,2282
utter,2283
respond,2284
civilization,2285
over',2286
onmqc7nlxy',2287
censorship,2288
referring,2289
'btw,2290
poorly,2291
batched,2292
render,2293
xujdfmtti1',2294
8paucm8nh9',2295
corrupt,2296
remove,2297
although,2298
seemed,2299
impossible,2300
'drone,2301
ervme0cbbn',2302
3t5ahite5z',2303
sentimenttext,2304
jxa4stwf1d',2305
'not,2306
popular,2307
hoped,2308
u001f9be',2309
'trash,2310
impersonating,2311
comedian',2312
reply',2313
choose,2314
sanctioned,2315
cutoff,2316
btc,2317
winter',2318
bills,2319
somehow,2320
cannot,2321
rely,2322
aka,2323
eaiyadrbnu',2324
whether,2325
likes,2326
national,2327
importance,2328
southern,2329
navy,2330
base,2331
nfrom,2332
standpoint,2333
pearl,2334
harbor,2335
sarcasm,2336
violate,2337
eg,2338
dem,2339
donor,2340
investigation',2341
external,2342
analysis,2343
published,2344
mdau,2345
questionable,2346
yoel,2347
sense,2348
entitled,2349
bias,2350
others',2351
complain,2352
setting,2353
perpetuating,2354
concocted,2355
oil,2356
gas,2357
industry,2358
distract,2359
trillion,2360
dollars,2361
subsidies,2362
receive,2363
xzxdjape9a',2364
guardian,2365
moderately,2366
wing,2367
machine,2368
where,2369
drop,2370
activist,2371
pressuring,2372
appease,2373
activists,2374
nextremely,2375
celeb,2376
sort,2377
follower,2378
disallowing,2379
deliberate,2380
solves,2381
systems,2382
difference,2383
vs,2384
dead,2385
nrussia,2386
kill,2387
safeguard,2388
diverted,2389
towards,2390
amphetamines,2391
empathy,2392
psychedelics,2393
opposite',2394
dude,2395
anonymity,2396
spineless,2397
coward,2398
ignorant,2399
fool,2400
directly,2401
requested,2402
government,2403
indistinguishable,2404
satire',2405
probable,2406
attrition,2407
destroys,2408
severely,2409
damages,2410
confess,2411
fault',2412
unnamed,2413
sources,2414
wish,2415
remain,2416
anonymous,2417
individuals,2418
11k,2419
nspacex,2420
costs,2421
related,2422
enhanced,2423
measures,2424
cyberwar,2425
tragic,2426
adult,2427
onset,2428
tourette,2429
p0pigwekmg',2430
exceptions',2431
ozempic,2432
wegovy,2433
tasty,2434
near,2435
me',2436
'previously,2437
issued,2438
rolling,2439
widespread,2440
nthis,2441
signing,2442
wqgm6inntp',2443
fxdcxa1i7i',2444
ideally,2445
nalthough,2446
r,2447
candy,2448
hasn,2449
improvement,2450
decades,2451
closest,2452
cuba,2453
62',2454
internally,2455
angry,2456
hell,2457
taxpayer,2458
funding,2459
govt,2460
free',2461
tell',2462
house,2463
alone,2464
mansion,2465
douche',2466
unfair,2467
leading,2468
motivation,2469
here,2470
centrist,2471
governance,2472
interests,2473
americans',2474
kgncg7hs3m',2475
architectural,2476
upgrades,2477
sticking,2478
sucks,2479
umm,2480
wapo,2481
hypocrites,2482
dr,2483
evil,2484
turning,2485
bloatware,2486
punched,2487
nose,2488
retreat,2489
total,2490
'wachtell,2491
deliberately,2492
hid,2493
evidence,2494
court,2495
tuned,2496
cifanvtrtt',2497
hey,2498
bright,2499
scenario,2500
comforted,2501
watching,2502
mushroom,2503
clouds,2504
u001faa6',2505
part',2506
'important,2507
admit,2508
mistakes',2509
casualty',2510
naked,2511
impersonations,2512
tricking,2513
occurred,2514
worse,2515
later,2516
nmeaningful,2517
utility,2518
entertainment,2519
value,2520
focdream',2519
u001faa6',2520
nobody,2521
bats,2522
jxa4stwf1d',2523
oh,2524
diabolical,2525
plans,2526
revealed,2527
zpz6b4f7ou',2528
gives,2529
creeps',2530
'think,2531
decided,2532
accepting,2533
curses,2534
foiled,2535
nalthough,2536
r,2537
candy,2538
hasn,2539
improvement,2540
decades,2541
